PLAYER_ID,PLAYER_NAME,START_YEAR,CLUSTER,CAREER_LENGTH,AVG_PER,MAX_PER
896,Tim Hardaway,1989,-1,14,18.23,21.81
101114,Deron Williams,2005,-1,12,17.94,21.88
2561,David West,2003,-1,15,17.8,22.13
937,Scottie Pippen,1987,-1,17,17.71,22.54
2225,Tony Parker,2001,-1,18,17.63,23.84
77376,Lafayette Lever,1982,-1,12,17.01,21.98
345,Terry Porter,1985,-1,17,16.99,22.48
1894,Corey Maggette,1999,-1,14,16.9,21.84
978,Peja Stojakovic,1998,-1,13,16.8,22.92
330,Danny Manning,1988,-1,15,16.53,20.47
201586,Serge Ibaka,2009,-1,14,16.52,19.82
96,Detlef Schrempf,1985,-1,16,16.41,21.01
923,Donyell Marshall,1994,-1,15,16.35,20.27
201152,Thaddeus Young,2007,-1,17,16.25,20.51
979,Jermaine O'Neal,1996,-1,18,16.19,21.94
201144,Mike Conley,2007,-1,19,16.19,22.28
1739,Ruben Patterson,1998,-1,10,16.11,19.27
1885,Lamar Odom,1999,-1,14,15.77,19.21
344,Dana Barros,1989,-1,15,15.75,20.01
201563,Michael Beasley,2008,-1,11,15.74,22.99
302,Mookie Blaylock,1989,-1,13,15.69,19.47
1710,Mike Bibby,1998,-1,14,15.57,20.25
200796,Leon Powe,2006,-1,5,15.55,20.85
2199,Tyson Chandler,2001,-1,19,15.43,20.3
202330,Gordon Hayward,2010,-1,14,15.42,20.73
922,Elden Campbell,1990,-1,15,15.21,19.37
2365,Chris Andersen,2001,-1,16,15.17,19.79
76024,Steve Alford,1987,-1,4,15.16,19.35
201609,Goran Dragic,2008,-1,15,15.1,21.1
2031,Stromile Swift,2000,-1,9,15.09,19.7
84,Latrell Sprewell,1992,-1,13,15.04,20.08
221,Clar. Weatherspoon,1992,-1,13,14.92,17.93
2222,Gerald Wallace,2001,-1,14,14.81,22.0
76770,Corey Gaines,1988,-1,7,14.72,23.34
200839,Mike Harris,2007,-1,7,14.7,18.63
313,Vern Fleming,1984,-1,12,14.67,17.67
779,Glen Rice,1989,-1,15,14.66,19.79
201577,Robin Lopez,2008,-1,16,14.63,18.24
117,Jeff Malone,1983,-1,13,14.56,18.9
1073,Reggie Slater,1994,-1,9,14.54,19.8
101124,Hakim Warrick,2005,-1,8,14.49,17.02
78198,Otis Smith,1986,-1,6,14.36,18.63
2590,Mo Williams,2003,-1,13,14.31,16.76
201588,George Hill,2008,-1,15,14.31,21.26
77096,Byron Irvin,1989,-1,4,14.27,17.55
361,Clifford Robinson,1989,-1,18,14.24,19.18
202,Gary Grant,1988,-1,13,14.22,22.66
2406,Caron Butler,2002,-1,14,14.2,19.77
1944,Eddie Robinson,1999,-1,5,14.17,17.96
63,Michael Smith,1994,-1,7,14.13,14.67
788,Kevin Willis,1984,-1,23,14.11,19.97
291,Ed Pinckney,1985,-1,12,14.08,17.02
920,A.C. Green,1985,-1,16,14.08,17.9
201959,Taj Gibson,2009,-1,16,14.08,17.87
202332,Cole Aldrich,2010,-1,8,14.03,21.44
468,Jon Barry,1992,-1,14,14.0,17.62
193,Anthony Mason,1989,-1,14,13.99,18.91
1897,Metta World Peace,1999,-1,18,13.95,22.19
77438,Kyle Macy,1980,-1,7,13.95,16.21
201150,Spencer Hawes,2007,-1,10,13.95,17.87
97,Ronnie Grandison,1988,-1,8,13.94,18.29
1721,Keon Clark,1998,-1,6,13.9,16.45
1715,Jason Williams,1998,-1,13,13.79,17.46
2399,Mike Dunleavy,2002,-1,15,13.76,18.39
1749,Cuttino Mobley,1998,-1,11,13.75,17.04
123,Robert Pack,1991,-1,13,13.72,19.39
1489,Lionel Simmons,1990,-1,7,13.72,16.89
23,Dennis Rodman,1986,-1,14,13.69,17.02
77239,Greg Kelser,1979,-1,6,13.66,16.4
213,Antonio Davis,1993,-1,13,13.64,16.74
136,P.J. Brown,1993,-1,15,13.61,17.48
78523,Mitchell Wiggins,1983,-1,9,13.61,16.91
71,Pooh Richardson,1989,-1,10,13.57,17.18
1509,Kelvin Cato,1997,-1,10,13.48,16.01
1498,Antonio Daniels,1997,-1,14,13.47,19.54
76046,Ron Anderson,1984,-1,10,13.45,15.72
767,Terry Catledge,1985,-1,8,13.34,15.76
77530,Mike McGee,1981,-1,9,13.32,17.89
317,John Starks,1988,-1,14,13.24,16.24
76599,Larry Drew,1980,-1,11,13.21,18.61
78554,John Williams,1986,-1,9,13.21,18.78
696,Travis Best,1995,-1,10,13.14,16.49
77071,Phil Hubbard,1979,-1,10,13.13,16.09
961,John Wallace,1996,-1,8,13.12,16.0
202419,Chris Johnson,2010,-1,3,13.11,18.83
1513,Scot Pollard,1997,-1,11,13.09,19.45
202327,Ekpe Udoh,2010,-1,9,13.07,21.22
324,Anthony Peeler,1992,-1,13,13.06,15.6
956,Erick Dampier,1996,-1,16,13.02,19.84
2045,Hedo Turkoglu,2000,-1,15,13.01,17.71
156,Antoine Carr,1984,-1,16,13.0,18.08
65,Greg Minor,1994,-1,5,12.98,14.56
201627,Anthony Morrow,2008,-1,9,12.97,15.52
202336,Larry Sanders,2010,-1,7,12.97,19.38
76960,Steve Harris,1985,-1,5,12.96,17.32
201978,Chase Budinger,2009,-1,7,12.87,14.87
378,Craig Ehlo,1983,-1,14,12.84,17.79
201945,Gerald Henderson,2009,-1,8,12.83,16.11
76583,James Donaldson,1980,-1,15,12.82,16.04
101142,Ronny Turiaf,2005,-1,10,12.78,15.89
1737,Nazr Mohammed,1998,-1,18,12.75,19.25
201153,Julian Wright,2007,-1,4,12.73,14.92
76881,David Greenwood,1979,-1,12,12.72,16.19
2419,Tayshaun Prince,2002,-1,14,12.71,15.68
174,John Battle,1985,-1,10,12.7,16.15
77019,Rod Higgins,1982,-1,13,12.7,16.58
219,Vinny Del Negro,1988,-1,14,12.68,15.97
436,Juwan Howard,1994,-1,19,12.67,17.55
76418,Don Collins,1980,-1,7,12.66,15.09
783,Frank Brickowski,1984,-1,13,12.64,17.1
101,Scott Skiles,1986,-1,10,12.63,17.8
199,Reggie Williams,1987,-1,10,12.63,17.69
891,Charles Oakley,1985,-1,19,12.62,16.08
78375,Trent Tucker,1982,-1,11,12.61,14.92
201163,Wilson Chandler,2007,-1,13,12.6,17.16
1065,Erick Strickland,1996,-1,9,12.59,17.48
703,Kurt Thomas,1995,-1,18,12.57,16.7
754,Jim Jackson,1992,-1,14,12.57,19.17
1125,Larry Stewart,1991,-1,6,12.54,14.85
78250,Brook Steppe,1982,-1,7,12.53,14.05
2036,Chris Mihm,2000,-1,9,12.52,15.68
1751,Jahidi White,1998,-1,7,12.47,15.58
78611,Leon Wood,1984,-1,7,12.44,15.98
179,Bryant Stith,1992,-1,10,12.36,14.89
101198,Will Bynum,2005,-1,10,12.35,16.49
201175,Glen Davis,2007,-1,8,12.35,15.08
278,Stacey Augmon,1991,-1,15,12.31,17.88
281,Scott Williams,1990,-1,15,12.31,15.5
201157,Sean Williams,2007,-1,5,12.29,18.79
246,Greg Anderson,1987,-1,11,12.27,15.57
137,Vernon Maxwell,1988,-1,13,12.26,14.05
386,Elliot Perry,1991,-1,11,12.24,18.02
417,Sam Mitchell,1989,-1,13,12.22,16.45
2748,Dorell Wright,2004,-1,11,12.19,15.9
76993,Gerald Henderson,1979,-1,13,12.19,14.96
3,Grant Long,1988,-1,15,12.13,15.65
76266,Michael Brooks,1980,-1,8,12.09,15.92
2443,Darius Songaila,2003,-1,8,12.07,15.45
2413,Juan Dixon,2002,-1,7,12.06,15.2
176,Antonio Harvey,1993,-1,10,12.02,22.74
85,Brent Price,1992,-1,10,11.94,17.63
1903,Kenny Thomas,1999,-1,11,11.93,15.73
2745,Kirk Snyder,2004,-1,4,11.93,14.1
76247,Randy Breuer,1983,-1,11,11.92,15.19
1899,James Posey,1999,-1,12,11.9,19.26
265,Harvey Grant,1988,-1,11,11.87,16.59
78195,Larry Smith,1980,-1,13,11.86,14.88
201584,Courtney Lee,2008,-1,12,11.84,13.27
1088,Chucky Atkins,1999,-1,11,11.82,17.51
2230,Maurice Evans,2001,-1,11,11.82,13.94
76641,Franklin Edwards,1981,-1,7,11.82,18.17
1800,Damon Jones,1998,-1,11,11.78,15.32
941,Ennis Whatley,1983,-1,14,11.76,14.43
200751,Randy Foye,2006,-1,11,11.75,13.96
200778,James White,2006,-1,7,11.75,14.29
1508,Maurice Taylor,1997,-1,10,11.74,15.84
77034,Craig Hodges,1982,-1,10,11.72,14.15
201589,Darrell Arthur,2008,-1,10,11.72,15.41
976,Jeff McInnis,1996,-1,12,11.71,15.35
76876,Sidney Green,1983,-1,10,11.71,13.74
306,Steve Colter,1984,-1,11,11.68,16.21
1548,Mark Blount,2000,-1,9,11.68,16.42
2254,Loren Woods,2001,-1,7,11.67,13.17
243,Aaron McKie,1994,-1,13,11.62,15.36
101131,Jason Maxiell,2005,-1,10,11.62,16.03
202397,Ish Smith,2010,-1,14,11.61,15.21
77609,Dirk Minniefield,1985,-1,3,11.59,14.01
704,Shawn Respert,1995,-1,4,11.54,12.32
201573,Jerryd Bayless,2008,-1,11,11.53,17.51
2060,Marko Jaric,2002,-1,7,11.49,14.26
77820,John Paxson,1983,-1,11,11.47,13.69
77754,Mike O'Koren,1980,-1,8,11.46,13.99
146,Jud Buechler,1990,-1,12,11.45,15.52
76094,Ken Bannister,1984,-1,7,11.44,18.71
202323,Evan Turner,2010,-1,10,11.44,14.19
236,Kevin Edwards,1988,-1,13,11.42,16.27
2046,Desmond Mason,2000,-1,10,11.38,15.96
927,John Salley,1986,-1,14,11.35,13.97
2776,Pape Sow,2004,-1,3,11.29,16.6
201167,Arron Afflalo,2007,-1,11,11.23,15.84
763,Tony Massenburg,1990,-1,15,11.2,16.63
26,Luc Longley,1991,-1,10,11.19,14.11
101153,Mickael Gelabale,2006,-1,7,11.18,12.02
1918,Obinna Ekezie,1999,-1,6,11.14,12.47
201151,Acie Law,2007,-1,4,11.13,16.39
77373,Ronnie Lester,1980,-1,6,11.12,13.79
1667,Steve Henson,1990,-1,9,11.1,13.29
1628,Alan Ogg,1990,-1,3,11.05,15.86
2402,Dajuan Wagner,2002,-1,5,11.04,18.58
2422,John Salmons,2002,-1,13,10.97,16.23
695,Eldridge Recasner,1994,-1,8,10.9,14.89
2229,Mike James,2001,-1,13,10.86,19.48
78146,Jerry Sichting,1980,-1,10,10.84,14.01
2553,Jarvis Hayes,2003,-1,7,10.82,12.45
983,Moochie Norris,1996,-1,10,10.79,18.57
2073,Brian Cardinal,2000,-1,12,10.78,19.07
82,Bill Wennington,1985,-1,15,10.76,16.11
77332,Jeff Lamp,1981,-1,8,10.71,13.42
76901,Petur Gudmundsson,1981,-1,8,10.68,14.19
101121,Joey Graham,2005,-1,6,10.68,13.0
2581,Steve Blake,2003,-1,13,10.64,13.86
2567,Brian Cook,2003,-1,9,10.61,15.74
1683,Larry Robinson,1990,-1,12,10.59,16.27
200811,Lou Amundson,2006,-1,10,10.48,14.93
2071,Olumide Oyedeji,2000,-1,3,10.42,11.01
77839,Jim Petersen,1984,-1,8,10.42,12.78
201970,Sam Young,2009,-1,4,10.42,12.59
78537,Jeff Wilkins,1980,-1,6,10.37,12.14
1761,Greg Buckner,1999,-1,10,10.33,14.23
753,Randy Brown,1991,-1,12,10.27,13.19
328,Rick Mahorn,1980,-1,19,10.25,13.7
2768,Chris Duhon,2004,-1,9,10.25,13.35
200789,Daniel Gibson,2006,-1,7,10.25,13.43
2410,Fred Jones,2002,-1,7,10.23,12.54
200782,P.J. Tucker,2006,-1,19,10.18,13.22
283,Lindsey Hunter,1993,-1,17,10.16,14.85
280,Felton Spencer,1990,-1,12,10.14,13.35
930,Kenny Gattison,1986,-1,10,10.07,16.26
200822,Pops Mensah-Bonsu,2006,-1,5,10.03,14.64
1915,Evan Eschmeyer,1999,-1,4,10.01,11.66
76355,Butch Carter,1980,-1,6,10.01,14.9
351,Stacey King,1989,-1,8,10.0,13.62
2863,Damien Wilkins,2004,-1,14,9.97,13.22
78348,Ray Tolbert,1981,-1,8,9.96,10.78
76928,Roylee Hamilton,1979,-1,2,9.91,10.54
202341,James Anderson,2010,-1,6,9.77,14.53
200769,Shannon Brown,2006,-1,9,9.75,13.88
402,Jon Koncak,1985,-1,11,9.66,12.68
201590,Donte Greene,2008,-1,4,9.64,11.93
724,Cory Alexander,1995,-1,10,9.61,14.96
77864,Charlie Pittman,1982,-1,4,9.6,11.34
78414,Peter Verhoeven,1981,-1,6,9.52,11.88
285,Greg Grant,1989,-1,7,9.41,12.51
2756,Sasha Vujacic,2004,-1,13,9.4,15.74
2452,J.R. Bremer,2002,-1,2,9.36,12.55
78347,Tom Tolbert,1988,-1,7,9.36,14.73
2063,Jake Voskuhl,2000,-1,9,9.33,14.01
77435,Rudy Macklin,1981,-1,3,9.3,10.4
917,Jack Haley,1988,-1,10,9.28,19.66
1972,John Morton,1989,-1,3,9.23,12.2
76556,Kenny Dennard,1981,-1,3,9.11,11.15
2407,Jared Jeffries,2002,-1,11,9.1,11.61
101179,Ronnie Price,2005,-1,12,9.05,12.74
201,Chris Dudley,1987,-1,16,8.99,13.33
78007,Johnny Rogers,1986,-1,2,8.99,10.6
77022,Johnny High,1979,-1,5,8.96,11.25
2648,Ronald Dupree,2003,-1,8,8.91,15.67
76360,Reggie Carter,1980,-1,2,8.91,9.24
707,Mark Davis,1995,-1,5,8.71,14.27
1727,Pat Garrity,1998,-1,10,8.71,13.6
200809,Chris Quinn,2006,-1,7,8.61,13.5
310,Bobby Hurley,1993,-1,5,8.49,10.51
101177,Fabricio Oberto,2005,-1,6,8.45,13.24
77904,Ed Rains,1981,-1,2,8.41,8.5
368,Dwayne Schintzius,1990,-1,9,8.29,12.37
2137,Ime Udoka,2003,-1,8,8.25,11.4
77426,Kevin Lynch,1991,-1,2,8.1,8.26
77731,Audie Norris,1982,-1,3,8.07,10.73
2418,Casey Jacobsen,2002,-1,6,8.02,10.23
201172,Gabe Pruitt,2007,-1,2,7.93,8.3
101261,Andre Owens,2005,-1,3,7.92,10.56
2810,Andre Brown,2006,-1,3,7.72,13.63
1906,Tim James,1999,-1,3,7.64,12.4
1068,Greg Dreiling,1986,-1,11,7.36,10.16
77893,Brian Quinnett,1989,-1,3,7.26,8.97
1855,Mark Macon,1991,-1,8,6.75,12.54
1091,Mike Smrek,1985,-1,7,6.74,9.29
342,Andy Toolson,1990,-1,6,6.54,8.45
78407,Nick Vanos,1985,-1,2,6.45,9.31
2058,Mark Madsen,2000,-1,9,6.43,12.87
700,Keith Tower,1993,-1,4,1.76,7.34
998,Mark Pope,1997,-1,8,1.17,10.47
101144,Von Wafer,2005,-1,7,1.06,14.45
78634,Michael Young,1984,-1,6,-5.51,16.07
201948,Austin Daye,2009,0,6,10.61,12.55
2575,Luke Walton,2003,0,10,10.49,14.99
2857,Andre Barrett,2004,0,4,10.15,12.48
381,James Robinson,1993,0,8,9.98,12.86
201601,Luc Mbah a Moute,2008,0,12,9.98,14.54
2417,Qyntel Woods,2002,0,4,9.97,12.17
1521,Jacque Vaughn,1997,0,12,9.82,13.63
2056,Primoz Brezec,2001,0,9,9.78,16.44
2470,Smush Parker,2002,0,6,9.75,13.43
1709,Michael Olowokandi,1998,0,9,9.74,12.21
195,Lee Mayberry,1992,0,7,9.69,11.08
201604,Chris Douglas-Roberts,2008,0,7,9.69,12.01
76942,Bob Hansen,1983,0,9,9.67,13.58
202325,Wesley Johnson,2010,0,9,9.64,11.81
1114,Jaren Jackson,1989,0,13,9.63,12.8
287,Eric Leckner,1988,0,9,9.45,12.22
77047,Michael Holton,1984,0,6,9.4,12.53
61,Carl Herrera,1991,0,8,9.38,12.94
2214,Michael Bradley,2001,0,5,9.38,12.47
1456,Randy Wittman,1983,0,9,9.37,12.65
201858,Cartier Martin,2008,0,7,9.34,12.71
37,Greg Graham,1993,0,5,9.33,13.06
1023,Emanual Davis,1996,0,7,9.33,11.79
200766,Marcus Williams,2006,0,4,9.31,11.81
78323,Bernard Thompson,1984,0,5,9.24,12.26
1922,Francisco Elson,2003,0,9,9.15,11.59
201947,Earl Clark,2009,0,6,9.14,12.76
323,Greg Foster,1990,0,13,9.09,14.76
1479,Mike Brown,1986,0,11,9.09,12.81
77053,Dave Hoppen,1987,0,6,9.07,12.09
1032,Darvin Ham,1996,0,9,9.0,12.78
2586,Keith Bogans,2003,0,11,8.99,10.85
77,Doug Overton,1992,0,12,8.94,13.7
201575,Brandon Rush,2008,0,9,8.88,15.43
78378,Elston Turner,1981,0,8,8.87,11.43
2091,Daniel Santiago,2000,0,5,8.83,11.46
2574,Jason Kapono,2003,0,9,8.76,13.44
76195,Manute Bol,1985,0,10,8.76,10.74
201161,Daequan Cook,2007,0,6,8.76,12.76
76980,Steve Hayes,1981,0,5,8.62,11.04
2416,Kareem Rush,2002,0,8,8.6,10.71
76138,William Bedford,1986,0,7,8.6,14.44
1724,Bryce Drew,1998,0,6,8.55,12.35
201187,Dominic McGuire,2007,0,6,8.42,12.0
76786,Calvin Garrett,1980,0,4,8.4,10.58
1861,Negele Knight,1990,0,9,8.36,12.95
2408,Melvin Ely,2002,0,12,8.27,14.81
202333,Xavier Henry,2010,0,5,8.2,13.21
2239,Trenton Hassell,2001,0,9,7.87,10.51
76861,Stuart Gray,1984,0,7,7.87,10.48
2562,Sasha Pavlovic,2003,0,10,7.57,11.9
1601,Rusty LaRue,1997,0,7,7.48,10.36
78314,David Thirdkill,1982,0,5,7.24,12.17
76172,Uwe Blab,1985,0,5,7.03,10.18
2401,Nikoloz Tskitishvili,2002,0,4,6.04,9.11
101110,Martell Webster,2005,1,10,9.0,13.91
1138,Michael Hawkins,1996,1,5,8.21,11.21
2260,Jarron Collins,2001,1,10,7.64,11.84
112,Dontonio Wingfield,1994,1,4,7.55,14.73
2694,Josh Powell,2005,1,9,7.5,10.75
376,Eric Montross,1994,1,8,7.49,12.04
76801,Tate George,1990,1,5,7.26,11.83
12,Chris King,1993,1,6,7.2,13.22
320,Jamie Watson,1994,1,5,7.0,10.39
2624,Quinton Ross,2004,1,7,6.84,10.52
154,Adrian Caldwell,1989,1,9,6.78,10.34
78430,Granville Waiters,1983,1,5,6.55,10.52
138,Anthony Avent,1992,1,8,6.49,10.25
76230,Charles Bradley,1981,1,3,6.1,8.99
2421,Frank Williams,2002,1,3,5.76,10.54
2447,Tamar Slay,2002,1,3,5.69,8.2
2215,Jason Collins,2001,1,13,5.59,11.02
78320,Jim Thomas,1983,1,8,5.37,13.08
2873,Billy Thomas,2004,1,4,4.99,9.81
78048,Walker Russell,1982,1,6,4.97,9.29
2573,Maciej Lampe,2003,1,3,4.94,11.99
771,Elmore Spencer,1992,1,5,4.78,11.28
684,Loren Meyer,1995,1,4,4.48,9.76
77114,Dave Jamerson,1990,1,4,4.48,12.58
200821,Yakhouba Diawara,2006,1,4,4.27,8.89
738,Bob Thornton,1985,1,11,4.04,6.71
76632,Jerry Eaves,1982,1,5,4.04,13.67
78352,Sedric Toney,1985,1,9,3.68,12.72
78179,Charles Smith,1989,1,7,3.64,13.61
1612,Chris Garner,1997,1,4,3.37,5.72
76482,Corey Crowder,1991,1,4,2.94,8.53
78264,Greg Stokes,1985,1,5,1.18,10.38
1518,Rodrick Rhodes,1997,1,3,-0.38,7.75
2420,Nenad Krstic,2004,2,7,13.6,17.43
77335,Jerome Lane,1988,2,5,13.24,18.16
76543,Darren Daye,1983,2,5,13.22,15.46
735,Bryant Reeves,1995,2,6,13.19,17.82
101118,Sean May,2005,2,5,13.18,19.43
697,Fred Hoiberg,1995,2,10,12.54,16.53
200764,Renaldo Balkman,2006,2,6,12.54,17.52
78569,Samuel Williams,1981,2,4,12.41,15.42
76001,Alaa Abdelnaby,1990,2,5,12.36,13.84
77361,Keith Lee,1985,2,4,12.04,13.66
101129,Luther Head,2005,2,6,11.89,13.46
440,Zan Tabak,1994,2,7,11.79,13.63
76790,Tom Garrick,1988,2,4,11.69,13.67
77789,Gerald Paddio,1990,2,4,11.59,15.78
1921,Gordan Giricek,2002,2,6,11.45,12.88
77386,Marcus Liberty,1990,2,4,11.35,13.7
1722,Michael Dickerson,1998,2,5,11.16,15.09
716,Rumeal Robinson,1990,2,7,11.07,15.13
1732,Felipe Lopez,1998,2,4,10.93,12.58
1505,Tariq Abdul-Wahad,1997,2,6,10.87,13.8
76713,Kenny Fields,1984,2,4,10.74,13.29
77173,Anthony Jones,1986,2,4,10.58,12.67
76608,Terry Duerod,1979,2,4,10.52,13.63
1821,Mark Randall,1991,2,4,9.73,12.16
77829,Sam Pellom,1979,2,4,9.11,11.3
32,Clifford Rozier,1994,2,4,9.03,14.66
2741,Robert Swift,2004,2,5,8.08,12.8
78035,Delaney Rudd,1989,2,4,8.05,11.87
2061,Dan Langhi,2000,2,4,7.01,9.28
101134,Wayne Simien,2005,3,2,8.79,11.51
2766,Antonio Burks,2004,3,2,8.64,12.49
76124,Dave Batton,1982,3,2,8.42,10.12
2261,Kenny Satterfield,2001,3,2,8.2,11.53
78307,Carlos Terry,1980,3,3,8.2,13.88
101185,Rawle Marshall,2005,3,2,8.1,9.45
1516,Ed Gray,1997,3,2,8.06,12.16
76574,Byron Dinkins,1989,3,2,8.0,11.24
1532,Jerald Honeycutt,1997,3,2,7.88,11.52
77481,Bill Martin,1985,3,3,7.79,11.5
1914,Chris Herren,1999,3,2,7.67,9.14
2761,Jackson Vroman,2004,3,2,7.59,9.45
1002,Reggie Geary,1996,3,2,7.48,8.22
1756,Ryan Stack,1998,3,2,7.33,9.78
78566,Pete Williams,1985,3,2,7.23,12.08
76869,Kenny Green,1985,3,2,7.16,8.2
76621,Devin Durrant,1984,3,2,7.04,8.84
201963,Christian Eyenga,2010,3,2,6.99,9.21
2604,Theron Smith,2003,3,2,6.93,8.58
77138,Dave Johnson,1992,3,2,6.92,8.15
78132,Craig Shelton,1980,3,2,6.9,8.36
200978,Jeremy Richardson,2006,3,3,6.69,13.4
201570,Joe Alexander,2008,3,2,6.66,10.43
78068,Dewayne Scales,1980,3,4,6.31,11.2
1680,Brian Oliver,1990,3,8,6.0,9.42
76411,Fred Cofield,1985,3,2,5.76,7.51
691,Lou Roe,1995,3,2,5.74,8.51
719,Randolph Childress,1995,3,2,5.49,6.6
77478,Bob Martin,1993,3,2,5.3,7.28
78618,Sam Worthen,1980,3,2,5.22,8.63
76847,Stewart Granger,1983,3,4,4.41,9.57
76358,Howard Carter,1983,3,2,3.0,13.17
77191,Ozell Jones,1984,3,2,2.31,11.73
2370,Mengke Bateer,2001,3,3,2.27,8.13
76320,Greg Butler,1988,3,3,1.04,4.66
77635,Lowes Moore,1980,4,3,13.7,20.96
202130,Reggie Williams,2009,4,8,13.51,17.27
1515,Anthony Parker,1997,4,15,13.35,30.41
335,Willie Anderson,1988,4,9,12.83,17.1
35,Eric Riley,1993,4,6,12.57,14.84
76450,Chris Corchiani,1991,4,3,12.39,14.71
1562,Gerard King,1998,4,3,12.38,13.7
77163,Reggie Johnson,1980,4,4,12.3,14.21
76782,Winston Garland,1987,4,8,12.27,15.44
78332,Paul Thompson,1983,4,3,12.21,14.23
180,John Crotty,1992,4,11,12.17,17.42
77273,Reggie King,1979,4,6,12.15,16.97
78233,Larry Spriggs,1981,4,5,12.07,16.15
76785,Bill Garnett,1982,4,4,12.06,15.06
76821,Gerald Glass,1990,4,6,11.99,14.96
1760,Derrick Dial,1999,4,5,11.92,14.02
76875,Sean Green,1991,4,3,11.9,17.54
1010,Randy Woods,1992,4,4,11.68,13.5
76043,Mitchell Anderson,1982,4,3,11.63,14.37
412,Sharone Wright,1994,4,4,11.61,15.06
76433,Anthony Cook,1990,4,6,11.61,15.74
46,Mike Peplowski,1993,4,3,11.54,15.23
2074,Jabari Smith,2000,4,5,11.54,15.07
1898,Cal Bowdler,1999,4,3,11.5,15.6
2042,Courtney Alexander,2000,4,3,11.32,13.12
77674,Tod Murphy,1987,4,7,11.32,15.88
1916,Calvin Booth,1999,4,10,11.25,16.22
77401,Kevin Loder,1981,4,3,11.24,12.86
202361,Landry Fields,2010,4,5,11.05,13.92
76387,Derrick Chievous,1988,4,3,10.66,13.67
77110,Tracy Jackson,1981,4,3,10.6,12.19
114,Harold Miner,1992,4,4,10.58,13.59
1720,Michael Doleac,1998,4,10,10.53,13.9
77432,Ollie Mack,1979,4,3,10.45,12.52
76742,Rod Foster,1983,4,3,10.42,12.5
164,Chris Childs,1994,4,9,10.27,16.17
957,Todd Fuller,1996,4,5,10.16,11.89
76436,Jeff Cook,1979,4,9,10.11,14.86
77077,Eddie Hughes,1987,4,3,10.11,12.16
2758,David Harrison,2004,4,4,10.05,12.17
2774,Bernard Robinson,2004,4,3,10.03,12.42
2565,Zoran Planinic,2003,4,3,10.02,12.5
201611,Henry Walker,2008,4,7,9.91,14.78
77135,Clay Johnson,1981,4,3,9.89,13.15
78533,James Wilkes,1980,4,3,9.84,11.65
202396,Samardo Samuels,2010,4,3,9.73,11.95
201972,Jon Brockman,2009,4,3,9.63,12.56
201953,Eric Maynor,2009,4,5,9.62,11.94
29,Jim McIlvaine,1994,4,7,9.54,11.3
1934,Rodney Buford,1999,4,6,9.47,11.03
76447,Hollis Copeland,1979,4,3,9.44,11.45
78181,Clinton Smith,1986,4,5,9.41,11.54
76283,Rickey Brown,1980,4,5,9.39,10.87
2257,Ruben Boumtje-Boumtje,2001,4,3,9.36,18.19
2366,Mike Wilks,2002,4,8,9.32,13.88
77456,Pace Mannion,1983,4,6,9.28,12.87
1846,Chris Welp,1987,4,3,9.08,11.89
77970,David Rivers,1988,4,4,9.08,10.0
78423,Danny Vranes,1981,4,7,8.84,11.27
346,Doug Edwards,1993,4,3,8.81,9.62
434,Tony Dumas,1994,4,4,8.81,15.7
1762,Tremaine Fowlkes,2001,4,4,8.78,12.37
2249,Jamison Brewer,2001,4,4,8.69,13.75
1432,Joe Courtney,1992,4,5,8.54,13.67
76152,Winston Bennett,1989,4,3,8.53,9.87
76291,Wallace Bryant,1983,4,3,8.45,9.94
76148,Tony Bennett,1992,4,3,8.42,10.28
2242,Terence Morris,2001,4,5,8.24,11.33
1519,John Thomas,1997,4,9,8.21,13.85
76553,Larry Demic,1979,4,3,7.84,10.17
76265,Kevin Brooks,1991,4,3,7.65,9.81
1895,William Avery,1999,4,3,7.16,9.25
353,Darrell Armstrong,1994,5,14,18.15,41.71
78527,Michael Wiley,1980,5,2,17.95,19.92
76803,Derrick Gervin,1989,5,2,17.56,22.01
24,Keith Jennings,1992,5,3,17.01,18.84
76121,Billyray Bates,1979,5,4,16.96,22.65
1719,Bonzi Wells,1998,5,10,16.47,26.43
77126,Abdul Jeelani,1979,5,2,16.35,17.59
101133,Ian Mahinmi,2007,5,13,16.29,33.84
1742,Shammond Williams,1998,5,9,16.15,31.87
77486,Marlon Maxey,1992,5,2,15.62,15.68
77588,Larry Micheaux,1983,5,2,15.6,16.48
200818,Justin Williams,2006,5,2,15.57,17.75
460,Trevor Ruffin,1994,5,2,15.42,16.24
183,Bison Dele,1991,5,8,15.4,17.27
76237,Adrian Branch,1986,5,4,15.32,19.29
78281,Dane Suttle,1983,5,2,15.31,15.74
201591,DJ White,2008,5,6,15.13,25.83
674,Reggie Jordan,1993,5,7,14.8,20.11
202178,Sundiata Gaines,2009,5,3,14.72,18.18
76050,Michael Ansley,1989,5,3,14.68,18.24
1734,Sam Jacobson,1998,5,3,14.54,21.14
982,Martin Muursepp,1996,5,2,14.5,14.52
1902,Jeff Foster,1999,5,13,14.5,25.68
201632,Hamed Haddadi,2008,5,5,14.38,19.48
1630,Mikki Moore,1998,5,14,14.16,34.6
201958,Rodrigue Beaubois,2009,5,4,14.11,18.78
2098,Slava Medvedenko,2000,5,7,14.06,21.88
1005,Walt Williams,1992,5,11,13.99,16.42
77229,Clarence Kea,1980,5,2,13.94,16.95
76842,Paul Graham,1991,5,3,13.61,14.91
1531,Marc Jackson,2000,5,7,13.53,16.56
101160,Lawrence Roberts,2005,5,2,13.39,13.54
1545,DeJuan Wheat,1997,5,2,13.33,14.03
200835,Walter Herrmann,2006,5,3,13.31,16.37
78507,Eric White,1987,5,2,13.05,15.24
76262,Jim Brogan,1981,5,2,13.04,13.32
1035,Shawnelle Scott,1996,5,6,13.03,18.06
101112,Channing Frye,2005,5,14,12.99,17.69
906,Haywoode Workman,1989,5,11,12.96,25.2
201595,Joey Dorsey,2008,5,7,12.92,15.81
78055,Ralph Sampson,1983,5,9,12.76,20.65
101180,Sarunas Jasikevicius,2005,5,2,12.7,12.73
77098,Mike Iuzzolino,1991,5,2,12.69,12.7
2599,Brandon Hunter,2003,5,2,12.68,12.97
202386,Ben Uzoh,2010,5,2,12.6,14.45
2605,Marquis Daniels,2003,5,10,12.59,20.59
201814,Gary Forbes,2010,5,2,12.59,13.12
1607,Troy Hudson,1997,5,11,12.55,19.42
1838,Tyrone Nesby,1998,5,4,12.51,16.44
390,Sasha Danilovic,1995,5,2,12.42,14.21
1080,Henry James,1990,5,8,12.32,17.85
78504,Clinton Wheeler,1987,5,2,12.29,12.96
202335,Patrick Patterson,2010,5,11,12.18,17.39
2221,Raul Lopez,2003,5,2,12.12,12.68
1051,Dean Garrett,1996,5,6,12.08,18.05
201966,Jermaine Taylor,2009,5,2,12.01,12.39
2866,Jackie Butler,2005,5,2,11.99,14.52
201985,AJ Price,2009,5,6,11.84,14.66
1527,Marko Milic,1997,5,2,11.74,19.1
76672,A.J. English,1990,5,2,11.65,12.65
1753,Toby Bailey,1998,5,2,11.56,11.83
2764,Donta Smith,2004,5,2,11.54,12.63
201612,Malik Hairston,2008,5,2,11.54,11.55
2431,David Andersen,2009,5,2,11.52,12.33
672,Matt Bullard,1990,5,12,11.51,17.0
1576,Travis Williams,1997,5,2,11.42,13.8
77896,Mark Radford,1981,5,2,11.35,12.39
202365,Devin Ebanks,2010,5,3,11.33,19.15
77056,Cedrick Hordges,1980,5,2,11.28,11.35
200816,Jorge Garbajosa,2006,5,2,11.23,12.19
777,Rex Walters,1993,5,7,11.22,16.21
968,Priest Lauderdale,1996,5,2,11.17,12.58
200792,Alexander Johnson,2006,5,2,11.04,13.35
101146,Roko Ukic,2008,5,2,10.99,12.01
77065,Brian Howard,1991,5,2,10.98,12.35
234,Khalid Reeves,1994,5,6,10.93,16.63
2739,Luke Jackson,2004,5,4,10.82,16.29
2570,Kendrick Perkins,2003,5,15,10.74,23.29
201159,Javaris Crittenton,2007,5,2,10.65,11.09
202087,Alonzo Gee,2009,5,8,10.49,15.78
77040,Brad Holland,1979,5,3,10.43,14.56
1522,Keith Booth,1997,5,2,10.42,13.71
76398,Carlos Clark,1983,5,2,10.36,11.82
202376,Luke Harangody,2010,5,2,10.34,10.43
732,Ashraf Amaya,1995,5,2,10.32,11.74
78311,Peter Thibeaux,1984,5,2,10.29,11.21
2435,Mario Kasun,2004,5,2,10.27,12.15
101182,Donell Taylor,2005,5,2,10.2,10.34
201623,Semih Erden,2010,5,2,10.12,10.32
77178,Charles Jones,1984,5,5,10.09,14.75
2499,Richie Frahm,2003,5,5,10.06,15.74
1477,Bruce Bowen,1996,5,13,9.99,37.08
211,Eric Mobley,1994,5,3,9.96,14.15
76904,Jay Guidinger,1992,5,2,9.92,10.2
77476,Mo Martin,1986,5,2,9.83,9.92
76589,John Douglas,1981,5,2,9.8,11.86
77560,Chris McNealy,1985,5,3,9.78,13.2
200784,Bobby Jones,2006,5,2,9.74,10.24
78519,Charles Whitney,1980,5,2,9.71,14.06
78343,Darren Tillis,1982,5,2,9.63,9.97
1540,Eric Washington,1997,5,2,9.45,9.54
2770,Justin Reed,2004,5,3,9.42,14.08
997,Chris Robinson,1996,5,2,9.35,9.41
709,Ed O'Bannon,1995,5,2,9.09,9.12
734,Lawrence Moten,1995,5,3,8.88,15.53
101214,Jawad Williams,2008,5,3,8.82,13.49
173,Keith Askins,1990,5,9,8.79,13.69
1741,Jelani McCoy,1998,5,10,8.22,21.35
200801,Hassan Adams,2006,5,3,6.93,13.36
202355,Hassan Whiteside,2010,6,12,18.79,25.28
101115,Andrew Bynum,2005,6,9,18.4,23.59
2755,Kevin Martin,2004,6,12,16.89,22.21
202339,Eric Bledsoe,2010,6,12,16.67,20.67
2072,Michael Redd,2000,6,12,16.52,22.2
149,Michael Adams,1985,6,11,16.36,25.29
894,Ricky Pierce,1982,6,16,16.28,21.89
1740,Rashard Lewis,1998,6,16,14.92,20.5
1112,Ben Wallace,1996,6,16,14.3,18.58
78183,Derek Smith,1982,6,9,14.05,21.78
1506,Austin Croshere,1997,6,12,13.51,16.73
1985,Zendon Hamilton,2000,6,6,13.24,17.52
2564,Boris Diaw,2003,6,14,12.65,18.53
400,Derek Strong,1991,6,10,12.52,20.06
77852,Mike Phelps,1985,6,3,12.4,19.48
333,Kevin Gamble,1987,6,10,12.23,16.32
1747,Rafer Alston,1999,6,11,12.12,16.51
43,Chris Whitney,1993,6,11,12.11,17.25
369,Charlie Ward,1994,6,11,11.69,15.88
2044,Jason Collier,2000,6,5,11.43,14.5
78633,Danny Young,1984,6,11,11.26,14.13
1425,Aaron Williams,1993,6,15,11.21,17.57
2668,Josh Davis,2003,6,9,11.07,13.35
1919,Laron Profit,1999,6,7,10.63,11.92
710,David Vaughn,1995,6,4,10.36,13.71
77383,Ralph Lewis,1987,6,3,10.0,13.46
2078,Jason Hart,2000,6,10,9.97,17.15
1027,Trevor Wilson,1990,6,6,9.95,13.13
1952,Raja Bell,2000,6,12,9.9,13.87
2788,DJ Mbenga,2004,6,7,9.81,14.4
202340,Avery Bradley,2010,6,12,9.68,14.97
2412,Jiri Welsch,2002,6,4,9.59,12.91
2040,Jerome Moiso,2000,6,5,9.51,14.44
77757,Jawann Oldham,1980,6,11,9.51,14.94
77920,Jamesearl Ray,1980,6,3,9.4,12.9
202337,Luke Babbitt,2010,6,8,9.22,11.75
76670,Chris Engler,1982,6,6,9.02,13.08
77541,Kevin McKenna,1981,6,7,8.98,12.17
201957,Byron Mullens,2009,6,5,8.51,13.42
116,David Wood,1988,6,9,8.17,10.88
2205,DeSagana Diop,2001,6,12,8.09,12.34
1874,Jeff Sanders,1989,6,4,8.04,13.98
226,Antonio Lang,1994,6,6,7.94,14.59
2294,Charlie Bell,2001,6,10,7.87,14.83
1090,Pat Durham,1992,6,3,7.48,12.13
680,John Amaechi,1995,6,8,7.3,13.35
2853,Earl Barron,2005,6,10,7.12,14.88
1983,Jermaine Jackson,1999,6,7,7.02,12.08
279,Charles Jones,1983,6,15,6.69,14.54
77670,Jay Murphy,1984,6,4,6.61,12.96
1133,Corey Beck,1995,6,4,6.37,10.3
201603,Sonny Weems,2008,6,8,6.37,12.92
78377,Andre Turner,1986,6,6,6.33,12.37
688,Michael Curry,1993,6,12,5.88,9.59
201043,Randolph Morris,2006,6,4,5.36,14.28
202354,Dexter Pittman,2010,6,4,4.66,13.25
1609,Art Long,2000,6,3,4.32,10.55
1743,Bruno Sundov,1998,6,7,3.45,10.87
201605,Nathan Jawai,2008,6,2,1.84,11.29
212,Yinka Dare,1994,6,4,-3.98,7.29
201585,Kosta Koufos,2008,7,11,14.73,18.11
201991,Lester Hudson,2009,7,6,13.21,16.29
200771,Sergio Rodriguez,2006,7,11,12.67,14.89
1738,Ansu Sesay,2001,7,4,12.34,15.3
1512,Chris Anstey,1997,7,3,12.1,14.7
101119,Rashad McCants,2005,7,4,11.73,14.1
780,Byron Houston,1992,7,4,11.61,14.35
1735,Vladimir Stepania,1998,7,6,11.39,13.4
201944,Terrence Williams,2009,7,4,10.93,13.25
77822,Kenny Payne,1989,7,4,10.79,14.57
201938,Jonny Flynn,2009,7,3,10.49,13.17
1904,Devean George,1999,7,11,10.19,12.73
768,Acie Earl,1993,7,4,10.16,14.44
1106,Donald Hodge,1991,7,5,9.77,13.15
2124,Malik Allen,2001,7,10,9.75,14.43
964,Roy Rogers,1996,7,4,9.6,12.6
1563,Kevin Ollie,1997,7,13,9.47,13.5
77358,Doug Lee,1991,7,4,9.25,17.97
201934,Hasheem Thabeet,2009,7,5,8.87,12.84
1631,Billy Thompson,1986,7,6,8.7,15.01
1117,John Shasky,1988,7,3,8.58,12.51
202351,Lazar Hayward,2010,7,3,8.47,11.38
2669,Linton Johnson,2003,7,6,7.05,13.49
2228,Alton Ford,2001,7,3,6.53,11.85
201616,Darnell Jackson,2008,7,3,6.47,12.46
200759,Cedric Simmons,2006,7,3,6.14,10.89
101204,Dwayne Jones,2005,7,5,5.83,10.85
2415,Ryan Humphrey,2002,7,3,4.44,10.05
2549,Chris Kaman,2003,8,13,14.91,18.26
2743,Kris Humphries,2004,8,13,14.64,18.14
101138,Brandon Bass,2005,8,12,14.55,19.52
200826,J.J. Barea,2006,8,14,14.11,17.42
9,Sedale Threatt,1983,8,14,13.56,16.54
1733,Al Harrington,1998,8,16,13.34,16.93
420,Jayson Williams,1990,8,9,13.24,18.63
781,Will Perdue,1988,8,13,12.7,18.36
1725,Rasho Nesterovic,1998,8,12,12.69,16.09
201582,Alexis Ajinca,2008,8,9,12.53,19.42
271,Johnny Newman,1986,8,16,12.51,16.08
45,George McCloud,1989,8,13,12.44,17.25
2568,Carlos Delfino,2004,8,9,12.13,13.99
201960,DeMarre Carroll,2009,8,11,12.05,16.35
77372,Jim Les,1988,8,7,11.67,15.42
201147,Corey Brewer,2007,8,13,11.66,15.22
76316,Steve Burtt,1984,8,9,11.49,18.93
202329,Al-Farouq Aminu,2010,8,11,11.39,14.56
202362,Lance Stephenson,2010,8,12,11.08,14.32
355,Vincent Askew,1987,8,11,11.02,16.06
600009,Rory Sparrow,1980,8,12,10.78,13.86
458,Howard Eisley,1994,8,12,10.77,14.01
2592,James Jones,2003,8,14,10.45,14.95
770,Mark West,1983,8,17,10.11,16.06
78528,Morlon Wiley,1988,8,7,10.09,13.94
426,Terry Davis,1989,8,12,10.01,11.82
2446,Rasual Butler,2002,8,14,9.97,13.37
201628,Bobby Brown,2008,8,10,9.74,11.46
2411,Bostjan Nachbar,2002,8,6,9.64,14.9
200761,Shawne Williams,2006,8,9,9.58,13.56
101187,Alan Anderson,2005,8,12,9.48,12.3
1956,Ira Newble,2000,8,8,9.41,14.71
2038,Joel Przybilla,2000,8,13,9.28,15.42
962,Walter McCarty,1996,8,10,9.22,11.97
1853,Anthony Carter,1999,8,13,9.12,13.9
1752,Sean Marks,1998,8,13,9.1,17.49
1429,Jimmy Oliver,1991,8,8,9.04,20.01
76968,Scott Hastings,1982,8,11,8.94,14.74
2563,Dahntay Jones,2003,8,14,8.91,14.44
202347,Quincy Pondexter,2010,8,9,8.67,12.86
101249,John Lucas III,2005,8,12,8.56,16.22
2052,DeShawn Stevenson,2000,8,13,8.46,12.95
78381,Jeff Turner,1984,8,12,8.11,11.32
77623,Paul Mokeski,1979,8,12,8.05,10.13
1913,Michael Ruffin,1999,8,10,7.96,12.04
2243,Brian Scalabrine,2001,8,11,7.53,13.4
77294,Bart Kofoed,1987,8,6,5.45,14.48
1123,Greg Kite,1983,8,12,5.16,7.78
469,Jamal Mashburn,1993,9,11,15.18,17.81
2223,Samuel Dalembert,2001,9,14,15.15,19.19
202344,Trevor Booker,2010,9,8,14.93,16.39
64,Sam Perkins,1984,9,17,14.92,17.44
147,Jalen Rose,1994,9,13,14.86,17.53
356,Chris Morris,1988,9,11,14.82,17.46
51,Mahmoud Abdul-Rauf,1990,9,11,14.75,18.69
101189,James Singleton,2005,9,7,14.66,19.68
375,Isaiah Rider,1993,9,9,14.57,16.24
905,Dale Davis,1991,9,16,14.56,17.45
247,Joe Dumars,1985,9,14,14.55,16.86
1510,Brevin Knight,1997,9,12,14.53,18.33
2760,Anderson Varejao,2004,9,17,14.47,21.67
428,Sherman Douglas,1989,9,12,14.41,18.19
76017,Danny Ainge,1981,9,14,14.4,17.71
200755,JJ Redick,2006,9,15,14.4,17.57
418,Scott Brooks,1988,9,10,14.31,17.24
203,Nate McMillan,1986,9,12,14.25,16.06
2585,Zaza Pachulia,2003,9,16,14.22,17.89
915,Rodney Rogers,1993,9,12,14.17,17.68
673,Alan Henderson,1995,9,12,14.16,18.18
1847,Thurl Bailey,1983,9,16,14.11,17.17
76217,Sam Bowie,1984,9,11,14.09,16.47
200745,Andrea Bargnani,2006,9,10,14.07,17.73
275,Allan Houston,1993,9,12,14.01,17.63
445,Wesley Person,1994,9,11,13.97,16.61
960,Tony Delk,1996,9,10,13.92,15.92
364,Rex Chapman,1988,9,12,13.85,16.71
769,B.J. Armstrong,1989,9,11,13.82,17.62
1110,Mark Strickland,1994,9,9,13.82,16.97
682,Bob Sura,1995,9,10,13.81,17.55
76431,Lester Conner,1982,9,13,13.8,18.62
1593,Charles Shackleford,1988,9,11,13.79,16.55
2754,Tony Allen,2004,9,14,13.78,18.08
2032,Darius Miles,2000,9,9,13.75,15.69
702,Voshon Lenard,1995,9,11,13.69,15.72
422,Avery Johnson,1988,9,16,13.67,16.67
200770,Jordan Farmar,2006,9,11,13.64,17.18
111,LaPhonso Ellis,1992,9,11,13.62,18.86
2753,Delonte West,2004,9,8,13.58,15.33
2757,Beno Udrih,2004,9,13,13.56,15.97
77484,Wes Matthews,1980,9,10,13.44,18.88
201571,D.J. Augustin,2008,9,14,13.4,15.91
101127,Jarrett Jack,2005,9,13,13.39,17.4
184,Bobby Phills,1991,9,9,13.36,15.34
53,Mario Elie,1990,9,11,13.35,14.95
2557,Luke Ridnour,2003,9,12,13.34,17.57
101107,Marvin Williams,2005,9,15,13.3,16.84
101109,Raymond Felton,2005,9,14,13.3,17.15
201956,Omri Casspi,2009,9,10,13.29,16.37
109,Robert Horry,1992,9,16,13.26,14.99
201145,Jeff Green,2007,9,19,13.15,16.1
907,Malik Sealy,1992,9,8,13.12,14.75
1502,Adonal Foyle,1997,9,12,13.09,19.82
2067,Eddie House,2000,9,11,13.08,16.41
197,Scott Burrell,1993,9,8,13.05,15.65
201975,Jodie Meeks,2009,9,10,13.03,16.0
731,Greg Ostertag,1995,9,11,12.88,15.72
77905,Kurt Rambis,1981,9,14,12.85,16.44
2594,Kyle Korver,2003,9,17,12.82,15.12
76338,Tony Campbell,1984,9,11,12.75,15.89
168,Chris Mills,1993,9,10,12.74,16.63
2440,Matt Barnes,2003,9,14,12.71,15.85
77054,Dennis Hopson,1987,9,5,12.7,17.52
201228,C.J. Watson,2007,9,10,12.65,15.24
713,Chris Carr,1995,9,6,12.57,16.51
935,Bryon Russell,1993,9,13,12.57,17.03
2733,Shaun Livingston,2004,9,15,12.56,14.81
446,Lucious Harris,1993,9,12,12.55,16.17
101123,Gerald Green,2005,9,14,12.53,16.19
122,Fred Roberts,1983,9,14,12.44,15.59
201596,Mario Chalmers,2008,9,10,12.41,16.74
70,Steve Kerr,1988,9,15,12.33,15.77
462,J.R. Reid,1989,9,12,12.27,15.71
1731,Tyronn Lue,1998,9,11,12.16,15.35
201160,Jason Smith,2007,9,12,12.1,16.18
76686,Mike Evans,1979,9,9,12.03,16.31
31,Lorenzo Williams,1992,9,8,12.0,16.07
201158,Marco Belinelli,2007,9,13,11.94,15.35
2457,Jannero Pargo,2002,9,13,11.69,18.67
965,Derek Fisher,1996,9,18,11.67,15.23
200757,Thabo Sefolosha,2006,9,14,11.62,15.56
2054,Jake Tsakalidis,2000,9,7,11.58,16.53
2501,Reggie Evans,2002,9,13,11.52,14.5
2035,DerMarr Johnson,2000,9,8,11.51,16.58
76944,Bill Hanzlik,1980,9,10,11.41,15.9
359,Chucky Brown,1989,9,13,11.18,14.03
916,Corie Blount,1993,9,11,11.13,12.45
200756,Hilton Armstrong,2006,9,8,11.12,17.45
200797,Ryan Hollins,2006,9,10,11.1,13.25
77950,Clint Richardson,1979,9,8,10.89,12.69
2109,Eddie Gill,2000,9,9,10.86,15.86
2742,Sebastian Telfair,2004,9,11,10.85,13.41
912,Rafael Addison,1986,9,11,10.84,12.34
1533,Anthony Johnson,1997,9,13,10.84,14.09
201961,Wayne Ellington,2009,9,13,10.77,12.29
1380,Lloyd Daniels,1992,9,6,10.74,13.72
2226,Will Solomon,2001,9,8,10.72,12.68
78110,Brad Sellers,1986,9,7,10.64,13.02
2039,Keyon Dooling,2000,9,13,10.63,14.06
939,Pete Myers,1986,9,12,10.58,16.01
2584,Willie Green,2003,9,12,10.49,13.86
101130,Johan Petro,2005,9,8,10.36,11.46
201202,Joel Anthony,2007,9,10,10.35,14.62
77697,Ed Nealy,1982,9,11,10.34,13.39
1037,Stojko Vrankovic,1990,9,9,10.32,11.08
2409,Marcus Haislip,2002,9,8,10.19,15.34
1538,Cedric Henderson,1997,9,5,9.94,14.93
1960,Milt Palacio,1999,9,7,9.83,12.53
78087,Russ Schoene,1982,9,7,9.74,13.62
348,Mitchell Butler,1993,9,11,9.73,12.85
54,Dickey Simpkins,1994,9,8,9.71,13.54
76703,Dave Feitl,1986,9,6,9.7,11.89
76268,Tony Brown,1984,9,8,9.67,11.25
1594,Rick Brunson,1997,9,9,9.47,13.75
1520,Charles Smith,1997,9,9,9.24,12.83
202066,Garrett Temple,2009,9,17,9.16,11.03
1074,Matt Maloney,1996,9,7,9.07,12.6
2427,Roger Mason Jr.,2002,9,12,8.94,13.09
1565,Michael Stewart,1997,9,8,8.29,13.29
705,Randolph Keys,1988,9,8,8.03,11.45
2043,Mateen Cleaves,2000,9,6,6.42,9.1
721,Tyus Edney,1995,10,6,15.83,18.32
1108,Tony Farmer,1997,10,3,15.03,16.12
78222,Jim Spanarkel,1979,10,5,14.66,17.04
77300,Joe Kopicki,1982,10,3,14.59,16.0
2033,Marcus Fizer,2000,10,6,13.77,18.32
1924,Lee Nailon,2000,10,6,13.75,14.72
78417,Sam Vincent,1985,10,7,13.54,16.23
78421,Alexander Volkov,1989,10,3,13.53,15.77
77881,Harold Pressley,1986,10,4,13.5,15.54
201169,Alando Tucker,2007,10,3,13.41,13.94
201974,Derrick Brown,2009,10,3,13.36,14.8
78394,Kelvin Upshaw,1988,10,3,13.04,16.25
2206,Rodney White,2001,10,4,12.66,16.84
78465,Dwayne Washington,1986,10,3,12.32,12.8
1892,Trajan Langdon,1999,10,3,12.23,13.56
1600,Kornel David,1998,10,3,12.15,13.71
994,Jamie Feick,1996,10,5,11.92,14.47
1907,Vonteego Cummings,1999,10,3,11.79,13.26
76831,Grant Gondrezick,1986,10,3,11.78,12.34
202346,Dominique Jones,2010,10,3,11.73,12.66
77189,Major Jones,1979,10,6,11.53,12.93
78578,Othell Wilson,1984,10,3,11.45,12.25
101136,Salim Stoudamire,2005,10,3,11.41,12.28
967,Brian Evans,1996,10,3,11.39,11.84
2424,Dan Dickau,2002,10,6,11.3,14.55
200814,Tarence Kinsey,2006,10,3,11.26,13.05
971,Mark Hendrickson,1996,10,4,11.2,12.41
2066,Soumaila Samake,2000,10,3,11.1,13.23
78194,Labradford Smith,1991,10,3,10.92,11.87
2208,Kedrick Brown,2001,10,4,10.88,12.65
78429,Milt Wagner,1987,10,4,10.87,11.23
201146,Yi Jianlian,2007,10,5,10.86,12.01
201602,Kyle Weaver,2008,10,3,10.8,11.39
1814,Chris Smith,1992,10,3,10.77,11.08
241,Darrin Hancock,1994,10,3,10.76,11.33
76748,Tellis Frank,1987,10,7,10.74,12.29
77794,Walter Palmer,1990,10,3,10.72,12.64
77715,Carl Nicks,1980,10,3,10.54,11.15
77496,Travis Mays,1990,10,3,10.36,12.11
1839,Randy White,1989,10,5,10.3,13.13
78556,Kevin Williams,1983,10,6,10.27,12.04
77251,Alec Kessler,1990,10,4,10.23,11.4
438,Robert Werdann,1992,10,5,10.22,13.51
76368,Bobby Cattage,1981,10,5,10.12,10.39
77527,Hank McDowell,1981,10,6,10.08,10.66
2751,Viktor Khryapa,2004,10,4,9.9,11.04
78241,Terence Stansbury,1984,10,3,9.86,10.31
78022,Scott Roth,1987,10,3,9.82,10.88
200763,Quincy Douby,2006,10,3,9.7,10.31
78299,Jeff Taylor,1982,10,5,9.67,11.54
2469,Pat Burke,2002,10,5,9.63,10.76
1728,Roshown McLeod,1998,10,3,9.6,10.16
1003,Drew Barry,1997,10,3,9.56,10.2
77474,Jeff Martin,1989,10,2,9.52,10.32
1603,Walter Bond,1992,10,3,9.5,10.53
357,Greg Sutton,1991,10,5,9.45,10.65
2852,Awvee Storey,2004,10,4,9.45,11.37
2693,Keith McLeod,2003,10,4,9.44,10.77
201238,Mario West,2007,10,4,9.27,9.87
76947,Alan Hardy,1980,10,2,9.26,10.78
77654,Perry Moss,1985,10,2,9.23,10.19
77129,Les Jepsen,1990,10,2,9.22,10.39
678,George Zidek,1995,10,3,9.2,10.59
76009,Mark Acres,1987,10,6,9.15,10.21
76911,Scott Haffner,1989,10,2,9.13,9.9
77260,Bo Kimble,1990,10,3,8.99,9.76
160,Tim Breaux,1994,10,4,8.93,11.32
77524,Ben McDonald,1985,10,4,8.87,12.56
76183,Lance Blanks,1990,10,3,8.85,11.35
78201,Reggie Smith,1992,10,2,8.76,9.78
76834,Lancaster Gordon,1984,10,4,8.74,11.38
76810,Mike Gibson,1983,10,3,8.64,8.93
78462,Bryan Warrick,1982,10,4,8.56,10.99
223,Bill Curley,1994,10,7,8.55,10.83
2414,Curtis Borchardt,2003,10,2,8.47,9.32
101137,Daniel Ewing,2005,10,2,8.46,9.27
1736,Corey Benjamin,1998,10,5,8.39,9.44
2068,Lavor Postell,2000,10,3,8.38,10.92
706,Jerome Allen,1995,10,2,8.34,8.72
316,Richard Manning,1995,10,2,8.17,8.84
2219,Jeryl Sasser,2001,10,2,8.0,8.46
77694,Craig Neal,1988,10,3,7.96,9.21
77092,Marc Iavaroni,1982,10,7,7.94,9.06
1030,Duane Cooper,1992,10,2,7.87,8.18
2069,Hanno Mottola,2000,10,2,7.83,8.4
77865,Gary Plummer,1984,10,9,7.83,8.5
1063,Carl Thomas,1991,10,7,7.79,11.02
1043,Amal McCaskill,1996,10,8,7.77,9.94
2454,Junior Harrington,2002,10,5,7.67,8.93
200793,Dee Brown,2006,10,3,7.65,8.76
76025,Randy Allen,1988,10,2,7.58,8.39
2423,Chris Jefferies,2002,10,2,7.52,8.52
77104,Michael Jackson,1987,10,3,7.52,8.05
200776,Mardy Collins,2006,10,4,7.45,9.62
1666,Gerald Madkins,1993,10,5,7.27,9.96
77518,Scooter McCray,1983,10,4,7.2,8.67
201181,Chris Richard,2007,10,3,7.19,7.77
1096,Ivano Newbill,1994,10,4,7.15,7.89
200747,Adam Morrison,2006,10,4,6.95,8.04
77692,Kenny Natt,1980,10,5,6.81,9.56
2737,Rafael Araujo,2004,10,3,6.71,8.62
1511,Johnny Taylor,1997,10,3,6.67,9.56
2053,Dalibor Bagaric,2000,10,3,6.47,8.75
1900,Quincy Lewis,1999,10,5,6.29,7.41
77301,Frank Kornet,1989,10,2,6.2,6.23
201969,DaJuan Summers,2009,10,4,6.05,8.75
76619,John Duren,1980,10,3,5.88,8.21
2823,John Edwards,2004,10,2,5.54,6.31
76370,Ron Cavenall,1984,10,5,5.53,7.04
2558,Reece Gaines,2003,10,3,5.39,6.8
76676,Jojo English,1992,10,3,5.21,7.61
1049,Shane Heal,1996,10,8,5.19,5.22
2220,Brandon Armstrong,2001,10,3,4.72,5.96
200772,Maurice Ager,2006,10,5,4.61,10.26
2775,Ha Seung-jin,2004,10,2,4.51,6.59
2425,Robert Archibald,2002,10,2,3.96,5.41
2876,Jared Reiner,2004,10,3,3.61,4.79
77057,Tito Horford,1988,10,6,3.51,5.16
2253,Sean Lampley,2002,11,2,16.66,21.54
1128,Stephen Howard,1992,11,6,15.31,19.5
1863,Earl Boykins,1998,11,14,14.62,20.81
78227,Andre Spencer,1992,11,2,14.57,16.14
77030,Roy Hinson,1983,11,8,13.79,17.31
76045,Richard Anderson,1982,11,8,13.41,16.04
240,Brooks Thompson,1994,11,4,13.31,17.07
78515,Willie White,1984,11,2,13.27,15.6
78565,Rob Williams,1982,11,2,13.1,14.61
2351,Oscar Torres,2001,11,2,12.82,14.98
2055,Mamadou N'diaye,2000,11,5,12.71,19.83
78031,Brian Rowsom,1987,11,3,12.58,16.05
77771,Jose Ortiz,1988,11,2,12.21,16.19
76239,Brad Branson,1981,11,2,12.09,15.98
202338,Kevin Seraphin,2010,11,7,12.06,15.73
78589,Kennard Winchester,1990,11,3,12.04,16.42
2560,Zarko Cabarkapa,2003,11,3,11.93,17.36
200762,Oleksiy Pecherov,2007,11,3,11.85,14.27
679,Jason Caffey,1995,11,8,11.82,14.5
78191,Jim Smith,1981,11,2,11.78,14.49
728,Jimmy King,1995,11,2,11.65,13.2
2436,Flip Murray,2002,11,8,11.48,15.31
1525,Charles O'Bannon,1997,11,2,11.47,12.93
201176,Jermareo Davidson,2007,11,2,11.42,13.06
76638,Keith Edmonson,1982,11,2,11.41,16.38
1054,Jerrod Mustaf,1990,11,4,11.23,14.32
200753,Patrick O'Bryant,2006,11,4,11.2,14.86
77087,Geoff Huston,1979,11,8,11.13,13.76
2484,Devin Brown,2002,11,8,11.0,14.26
202356,Armon Johnson,2010,11,2,10.81,12.73
76426,Dallas Comegys,1987,11,2,10.71,12.23
78271,John Stroeder,1987,11,2,10.57,14.16
76954,Mike Harper,1980,11,2,10.28,12.09
101212,Esteban Batista,2005,11,2,9.66,12.2
77002,Conner Henry,1986,11,2,9.33,12.48
1869,Charles R. Jones,1998,11,2,8.88,11.19
78463,Chris Washburn,1986,11,2,7.99,10.62
78404,Kiki Vandeweghe,1980,12,13,17.78,25.91
78318,Isiah Thomas,1981,12,13,17.69,22.8
76016,Mark Aguirre,1981,12,13,17.63,22.9
77626,Sidney Moncrief,1979,12,12,17.29,22.11
686,Antonio McDyess,1995,12,16,16.99,22.73
389,Toni Kukoc,1993,12,13,16.82,20.45
201149,Joakim Noah,2007,12,13,16.59,19.65
201593,Nikola Pekovic,2010,12,6,16.5,21.74
201568,Danilo Gallinari,2008,12,16,16.43,21.19
36,Sarunas Marciulionis,1989,12,8,16.41,20.78
926,Alvin Robertson,1984,12,12,16.36,19.97
201565,Derrick Rose,2008,12,16,16.29,23.28
739,Rasheed Wallace,1995,12,18,16.23,20.77
78615,Orlando Woolridge,1981,12,13,16.19,21.92
288,Armen Gilliam,1987,12,13,16.11,18.44
201952,Jeff Teague,2009,12,12,16.08,21.14
2246,Mehmet Okur,2002,12,10,15.96,18.9
101145,Monta Ellis,2005,12,12,15.93,19.95
209,Dell Curry,1986,12,16,15.86,19.21
765,Hersey Hawkins,1988,12,13,15.83,18.76
200752,Rudy Gay,2006,12,17,15.76,19.74
76176,Rolando Blackman,1981,12,13,15.74,19.25
762,Shawn Bradley,1993,12,12,15.7,19.3
349,Mark Jackson,1987,12,17,15.63,18.81
2202,Jason Richardson,2001,12,14,15.62,19.75
1517,Bobby Jackson,1997,12,12,15.57,20.25
952,Antoine Walker,1996,12,12,15.56,19.17
89,Nick Van Exel,1993,12,13,15.55,19.08
47,Wayman Tisdale,1985,12,12,15.49,18.03
470,Doc Rivers,1983,12,13,15.46,19.62
101106,Andrew Bogut,2005,12,14,15.46,20.58
698,Eddie Johnson,1981,12,18,15.43,20.19
2,Byron Scott,1983,12,14,15.39,19.42
270,Horace Grant,1987,12,17,15.38,20.28
76353,Joe Barry Carroll,1980,12,11,15.38,19.79
1888,Richard Hamilton,1999,12,14,15.33,18.07
901,Otis Thorpe,1984,12,17,15.27,18.96
72,Kenny Anderson,1991,12,14,15.25,19.48
107,Dale Ellis,1983,12,17,15.24,19.53
200765,Rajon Rondo,2006,12,16,15.22,19.25
714,Michael Finley,1995,12,15,15.17,19.23
2734,Devin Harris,2004,12,15,15.17,21.09
2400,Drew Gooden,2002,12,14,15.14,19.67
157,Derek Harper,1983,12,16,15.12,19.67
120,Steven Smith,1991,12,14,14.99,17.85
339,Tom Gugliotta,1992,12,13,14.97,21.38
1723,Matt Harpring,1998,12,11,14.96,19.88
101141,Ersan Ilyasova,2006,12,15,14.94,21.4
201583,Ryan Anderson,2008,12,12,14.94,20.63
77819,Jim Paxson,1979,12,11,14.91,19.64
2571,Leandro Barbosa,2003,12,14,14.83,20.24
1891,Jason Terry,1999,12,19,14.81,19.22
202334,Ed Davis,2010,12,12,14.79,19.9
2404,Chris Wilcox,2002,12,11,14.78,17.47
73,Hot Rod Williams,1986,12,13,14.64,18.69
2441,Jamal Sampson,2002,12,5,14.63,25.07
77167,Vinnie Johnson,1979,12,13,14.63,17.93
2572,Josh Howard,2003,12,10,14.6,19.14
757,Damon Stoudamire,1995,12,13,14.59,17.99
760,Jerome Kersey,1984,12,17,14.57,18.91
2736,Luol Deng,2004,12,15,14.49,19.19
101181,Jose Calderon,2005,12,14,14.49,20.14
76890,Darrell Griffith,1980,12,11,14.43,16.75
1365,Xavier McDaniel,1985,12,13,14.39,18.91
2211,Troy Murphy,2001,12,12,14.39,18.91
2551,T.J. Ford,2003,12,9,14.35,20.04
21,Greg Anthony,1991,12,11,14.3,18.41
2738,Andre Iguodala,2004,12,19,14.28,18.4
722,Corliss Williamson,1995,12,12,14.23,19.89
1729,Ricky Davis,1998,12,12,14.21,17.97
2749,Jameer Nelson,2004,12,14,14.07,20.54
77879,Paul Pressey,1982,12,11,14.04,18.6
383,Kendall Gill,1990,12,15,14.03,19.81
2306,Carlos Arroyo,2001,12,10,14.03,22.64
201155,Rodney Stuckey,2007,12,10,14.01,17.72
2030,Kenyon Martin,2000,12,15,14.0,19.21
258,Brian Grant,1994,12,12,13.91,17.11
78614,Mike Woodson,1980,12,11,13.88,19.43
1622,Rodney McCray,1983,12,10,13.78,16.53
77353,Allen Leavell,1979,12,10,13.77,16.29
201569,Eric Gordon,2008,12,18,13.77,18.82
133,David Wesley,1993,12,14,13.68,19.05
2732,Ben Gordon,2004,12,11,13.62,18.64
919,Loy Vaught,1990,12,11,13.59,17.17
296,Rick Fox,1991,12,13,13.51,17.35
2217,Brendan Haywood,2001,12,14,13.43,17.57
2210,Richard Jefferson,2001,12,17,13.36,19.38
441,Lamond Murray,1994,12,12,13.33,17.64
105,Dan Majerle,1988,12,14,13.28,18.46
201587,Nicolas Batum,2008,12,18,13.14,17.18
448,Bo Outlaw,1993,12,15,13.12,16.3
201988,Patty Mills,2009,12,16,13.06,21.85
2772,Trevor Ariza,2004,12,18,12.99,16.71
238,Tyrone Hill,1990,12,14,12.98,17.98
365,Derrick McKey,1987,12,15,12.75,15.43
78656,Blair Rasmussen,1985,12,8,12.72,17.27
15,Eric Piatkowski,1994,12,14,12.48,18.07
1909,Scott Padgett,1999,12,8,12.35,17.92
990,Malik Rose,1996,12,13,12.23,19.81
442,Pervis Ellison,1989,12,12,12.17,20.17
77776,Dan O'Sullivan,1990,12,6,11.33,24.33
101211,Stephen Graham,2005,12,6,9.83,23.26
959,Steve Nash,1996,13,18,19.16,24.99
56,Gary Payton,1990,13,17,18.31,23.61
929,Tracy Moore,1991,13,6,17.47,32.24
2207,Joe Johnson,2001,13,21,17.07,38.16
1497,Chauncey Billups,1997,13,17,16.98,22.9
200748,Tyrus Thomas,2006,13,9,16.66,30.7
2051,Donnell Harvey,2000,13,5,16.38,34.92
200781,Paul Davis,2006,13,4,15.92,32.51
2037,Jamal Crawford,2000,13,20,15.71,33.72
1544,Chris Crawford,1997,13,7,14.99,28.74
1886,Jonathan Bender,1999,13,11,13.91,26.25
689,Theo Ratliff,1995,13,16,13.81,37.15
1744,Jerome James,1998,13,11,13.6,44.4
201178,Kyrylo Fesenko,2007,13,5,12.72,29.45
1474,Larry Krystkowiak,1986,13,11,12.7,25.38
340,Kevin Pritchard,1990,13,6,12.34,26.02
57,Doug Christie,1992,13,15,12.22,17.03
1763,Ryan Bowen,1999,13,11,11.84,31.47
101158,Orien Greene,2005,13,6,11.81,32.36
416,Willie Burton,1990,13,9,11.47,21.11
78534,Eddielee Wilkins,1984,13,9,11.26,21.82
766,David Wingate,1986,13,15,10.01,35.75
77707,Chuck Nevitt,1982,13,12,9.84,42.79
292,Anthony Miller,1994,13,11,9.5,16.64
2544,LeBron James,2003,14,23,26.07,31.13
893,Michael Jordan,1984,14,19,26.02,31.0
406,Shaquille O'Neal,1992,14,19,25.85,31.33
764,David Robinson,1989,14,14,25.78,30.15
201142,Kevin Durant,2007,14,19,24.85,30.06
201939,Stephen Curry,2009,14,17,24.31,33.59
787,Charles Barkley,1984,14,16,24.01,27.86
252,Karl Malone,1985,14,19,23.99,29.7
77142,Magic Johnson,1979,14,17,23.94,27.56
1495,Tim Duncan,1997,14,19,23.67,26.5
201935,James Harden,2009,14,17,23.34,29.54
1449,Larry Bird,1979,14,13,23.08,27.89
165,Hakeem Olajuwon,1984,14,18,23.06,26.95
2397,Yao Ming,2002,14,9,22.33,26.1
2548,Dwyane Wade,2003,14,16,22.31,29.6
101108,Chris Paul,2005,14,21,22.14,28.56
977,Kobe Bryant,1996,14,20,21.8,28.1
304,John Stockton,1984,14,19,21.6,24.04
708,Kevin Garnett,1995,14,21,21.59,29.11
202326,DeMarcus Cousins,2010,14,12,21.52,25.58
17,Clyde Drexler,1983,14,15,21.3,25.21
2405,Amar'e Stoudemire,2002,14,14,21.3,29.43
1717,Dirk Nowitzki,1998,14,21,21.15,26.52
201566,Russell Westbrook,2008,14,18,21.07,30.59
2200,Pau Gasol,2001,14,18,21.06,24.34
200754,Mouhamed Sene,2006,14,3,20.77,35.0
2730,Dwight Howard,2004,14,18,20.75,25.62
185,Chris Webber,1993,14,15,20.74,25.55
717,Arvydas Sabonis,1995,14,8,20.72,24.7
947,Allen Iverson,1996,14,14,20.46,26.15
134,Kevin Johnson,1987,14,13,20.4,24.64
1503,Tracy McGrady,1997,14,15,20.37,30.57
121,Patrick Ewing,1985,14,17,20.22,26.02
2547,Chris Bosh,2003,14,13,20.22,25.14
1122,Dominique Wilkins,1982,14,17,20.21,24.53
2744,Al Jefferson,2004,14,14,20.01,23.05
200746,LaMarcus Aldridge,2006,14,16,19.96,24.41
297,Alonzo Mourning,1992,14,16,19.79,25.19
77685,Larry Nance,1981,14,13,19.68,22.76
1450,Kevin McHale,1980,14,13,19.61,23.83
1938,Manu Ginobili,2002,14,16,19.6,24.52
2430,Carlos Boozer,2002,14,13,19.51,24.68
201148,Brandan Wright,2007,14,11,19.41,23.53
201567,Kevin Love,2008,14,18,19.38,28.15
202328,Greg Monroe,2010,14,12,19.37,21.63
201933,Blake Griffin,2010,14,13,19.34,24.83
78293,Roy Tarpley,1986,14,9,19.24,22.41
101135,David Lee,2005,14,12,19.14,22.49
201580,JaVale McGee,2008,14,16,19.14,27.27
208,Sam Cassell,1993,14,15,19.01,22.79
2546,Carmelo Anthony,2003,14,19,18.93,23.63
210,Terrell Brandon,1991,14,11,18.76,22.94
1718,Paul Pierce,1998,14,19,18.66,24.06
1882,Elton Brand,1999,14,17,18.61,26.82
921,Brad Daugherty,1986,14,8,18.55,23.08
1890,Shawn Marion,1999,14,16,18.53,25.39
2216,Zach Randolph,2001,14,17,18.51,22.24
431,Shawn Kemp,1989,14,14,18.45,23.69
200794,Paul Millsap,2006,14,16,18.33,22.13
201942,DeMar DeRozan,2009,14,17,18.26,22.62
201572,Brook Lopez,2008,14,18,18.23,24.76
904,Chris Mullin,1985,14,16,18.19,24.24
899,Mark Price,1986,14,12,18.18,22.72
202331,Paul George,2010,14,16,18.17,23.48
202322,John Wall,2010,14,13,18.13,23.38
951,Ray Allen,1996,14,18,18.11,22.93
397,Reggie Miller,1987,14,18,18.02,21.76
467,Jason Kidd,1994,14,19,17.98,23.23
202324,Derrick Favors,2010,14,12,17.97,22.2
255,Grant Hill,1994,14,19,17.93,24.67
204,Jeff Hornacek,1986,14,14,17.79,20.0
2240,Gilbert Arenas,2001,14,11,17.79,24.16
949,Shareef Abdur-Rahim,1996,14,12,17.75,21.71
22,Rik Smits,1988,14,12,17.74,19.61
980,Zydrunas Ilgauskas,1997,14,14,17.64,21.42
201599,DeAndre Jordan,2008,14,18,17.6,21.71
124,Vlade Divac,1989,14,16,17.53,21.17
1884,Baron Davis,1999,14,13,17.52,22.64
1712,Antawn Jamison,1998,14,16,17.4,21.72
423,Chris Gatling,1991,14,11,17.39,23.47
201143,Al Horford,2007,14,19,17.39,22.81
782,Mitch Richmond,1988,14,14,17.32,21.73
948,Marcus Camby,1996,14,17,17.32,20.98
1905,Andrei Kirilenko,2001,14,14,17.32,23.99
1713,Vince Carter,1998,14,22,17.14,25.41
299,Glenn Robinson,1994,14,11,17.12,20.08
201950,Jrue Holiday,2009,14,17,17.11,20.37
393,Rod Strickland,1988,14,17,17.04,21.56
201188,Marc Gasol,2008,14,13,17.01,21.11
201936,Tyreke Evans,2009,14,10,16.81,20.58
101150,Lou Williams,2005,14,17,16.8,21.68
77691,Calvin Natt,1979,14,11,16.79,22.83
187,Terry Cummings,1982,14,18,16.66,22.67
200768,Kyle Lowry,2006,14,20,16.62,21.74
435,Carlos Rogers,1994,14,8,16.42,23.51
224,Eddie Jones,1994,14,14,16.09,20.56
934,Derrick Coleman,1990,14,15,15.92,21.35
87,Dikembe Mutombo,1991,14,18,15.87,18.92
201581,JJ Hickson,2008,14,8,15.78,19.52
76826,Mike Gminski,1980,14,14,15.57,19.22
202348,Jordan Crawford,2010,14,8,15.51,19.96
699,Brent Barry,1995,14,14,15.08,18.97
101154,Andray Blatche,2005,14,9,15.04,20.95
358,Anfernee Hardaway,1993,14,15,14.38,24.81
950,Stephon Marbury,1996,15,13,17.35,22.51
1472,Tom Chambers,1981,15,17,15.4,31.6
201941,Jordan Hill,2009,15,8,15.29,20.68
2746,Josh Smith,2004,15,14,15.23,21.04
1504,Danny Fortson,1997,15,10,15.03,25.2
101122,Danny Granger,2005,15,10,14.87,22.79
98,Nick Anderson,1989,15,13,14.45,18.94
693,Joe Smith,1995,15,16,14.31,17.56
77633,Johnny Moore,1980,15,10,14.22,18.75
101113,Ike Diogu,2005,15,7,14.1,20.43
452,Vin Baker,1993,15,13,14.0,20.56
76726,Sleepy Floyd,1982,15,13,13.99,20.22
938,Rony Seikaly,1988,15,11,13.92,17.83
101126,Nate Robinson,2005,15,11,13.92,19.74
711,Jerry Stackhouse,1995,15,18,13.79,22.08
201954,Darren Collison,2009,15,13,13.78,18.35
892,Spud Webb,1985,15,13,13.69,18.0
177,Muggsy Bogues,1987,15,14,13.56,16.94
76497,Quintin Dailey,1982,15,10,13.46,17.4
78041,Jeff Ruland,1981,15,12,13.4,19.1
2740,Andris Biedrins,2004,15,10,13.33,20.36
80,Ken Norman,1987,15,10,13.28,16.89
76362,Bill Cartwright,1979,15,16,13.28,18.58
2735,Josh Childress,2004,15,10,13.08,17.72
761,Matt Geiger,1992,15,10,12.92,20.2
2747,JR Smith,2004,15,16,12.71,19.7
1716,Larry Hughes,1998,15,14,12.66,21.62
2403,Nene,2002,15,17,12.61,21.21
77081,Jay Humphries,1984,15,11,12.61,17.18
104,Benoit Benjamin,1985,15,15,12.54,18.17
1536,Stephen Jackson,2000,15,14,12.52,17.05
244,Dee Brown,1990,15,12,12.2,16.7
52,Micheal Williams,1988,15,11,12.02,19.93
78570,Sly Williams,1979,15,7,11.93,18.35
371,Terry Mills,1990,15,11,11.92,17.11
101235,Kelenna Azubuike,2006,15,6,11.81,21.32
2224,Jamaal Tinsley,2001,15,13,11.71,17.54
201949,James Johnson,2009,15,16,11.69,17.65
78,LaSalle Thompson,1982,15,15,11.63,17.29
2429,Dan Gadzuric,2002,15,10,11.54,18.06
55,Marty Conlon,1991,15,9,11.42,16.82
895,Tyrone Corbin,1985,15,16,11.37,15.65
2047,Quentin Richardson,2000,15,13,11.31,17.05
931,Don MacLean,1992,15,9,11.28,17.61
2048,Jamaal Magloire,2000,15,12,11.24,18.7
461,Popeye Jones,1993,15,11,10.83,14.0
201177,Josh McRoberts,2007,15,11,10.76,19.46
101139,CJ Miles,2005,15,17,10.73,15.79
273,Duane Ferrell,1988,15,11,10.39,15.89
202390,Gary Neal,2010,15,7,10.37,14.46
786,Gerald Wilkins,1985,15,14,10.09,15.65
2250,Bobby Simmons,2001,15,11,10.03,16.07
404,Kevin Duckworth,1986,15,11,10.0,15.6
216,Brian Shaw,1988,15,15,9.99,15.48
178,Olden Polynice,1987,15,17,9.96,16.08
93,Hubert Davis,1992,15,12,9.94,14.8
67,Tom Hammonds,1989,15,12,9.82,14.32
924,Anthony Goldwire,1995,15,11,9.79,14.94
42,Monty Williams,1994,15,9,9.76,15.0
2201,Eddy Curry,2001,15,12,9.74,17.96
955,Samaki Walker,1996,15,10,9.62,14.71
1541,Alvin Williams,1997,15,10,9.5,16.2
101155,Ryan Gomes,2005,15,9,9.3,15.29
100,Tim Legler,1989,15,11,9.25,16.73
1730,Brian Skinner,1998,15,14,8.82,15.44
239,Darrick Martin,1994,15,14,8.57,17.46
988,Randy Livingston,1996,15,11,8.33,28.22
958,Vitaly Potapenko,1996,15,11,8.18,13.84
712,Mario Bennett,1995,15,5,8.09,23.24
690,Don Reid,1995,15,8,8.02,13.44
900,Matt Fish,1994,15,3,7.96,16.56
202412,Manny Harris,2010,15,7,7.59,11.74
2357,Tierre Brown,2001,15,4,7.43,17.99
200780,Solomon Jones,2006,15,8,7.36,12.03
2437,Lonny Baxter,2002,15,4,7.06,12.41
1036,Litterial Green,1992,15,7,6.97,13.0
737,Bob McCann,1989,15,9,6.81,11.66
2545,Darko Milicic,2003,15,10,6.74,14.55
76695,Jim Farmer,1987,15,7,6.62,14.59
341,Joe Wolf,1987,15,12,6.34,12.19
1118,Tim Kempton,1986,15,12,5.8,11.5
2767,Royal Ivey,2004,15,10,5.73,10.81
101120,Antoine Wright,2005,15,6,5.01,8.61
925,Sean Higgins,1990,15,8,4.88,12.26
308,Derrick Alston,1994,15,3,4.71,11.78
2062,A.J. Guyton,2000,15,3,4.26,11.97
78364,Linton Townes,1982,15,3,3.79,11.57
76342,Rick Carlisle,1984,15,6,3.17,8.95
1101,Rich King,1991,15,4,2.68,13.07
681,Donny Marshall,1995,15,8,2.26,9.63
49,Gheorghe Muresan,1993,15,7,-6.9,21.11
78351,Andrew Toney,1980,16,8,13.64,17.53
200758,Ronnie Brewer,2006,16,8,12.94,19.02
78437,Darrell Walker,1983,16,10,12.83,16.66
2034,Mike Miller,2000,16,17,12.72,16.53
2204,Eddie Griffin,2001,16,6,12.66,15.75
78304,Terry Teagle,1982,16,11,12.65,17.4
456,Chuck Person,1986,16,14,12.54,16.54
7,Dan Schayes,1981,16,18,12.35,19.47
2550,Kirk Hinrich,2003,16,13,12.17,17.42
145,Tracy Murray,1992,16,12,12.02,17.61
101183,Shavlik Randolph,2005,16,10,12.01,18.38
2049,Speedy Claxton,2001,16,8,11.89,16.99
1006,Herb Williams,1981,16,18,11.8,17.76
201600,Omer Asik,2010,16,8,11.8,15.62
201156,Nick Young,2007,16,12,11.78,17.21
1499,Tony Battie,1997,16,15,11.77,15.86
77770,Louis Orr,1980,16,8,11.72,15.96
953,Lorenzen Wright,1996,16,13,11.62,15.33
2050,Morris Peterson,2000,16,11,11.62,15.07
201980,Danny Green,2009,16,15,11.62,16.63
201162,Jared Dudley,2007,16,14,11.58,16.14
2804,Andres Nocioni,2004,16,8,11.52,16.66
2059,Eduardo Najera,2000,16,12,11.46,15.02
200779,Steve Novak,2006,16,11,11.46,17.9
970,Othella Harrington,1996,16,12,11.45,16.02
914,Stanley Roberts,1991,16,9,11.41,16.31
101128,Francisco Garcia,2005,16,10,11.37,15.12
202083,Wesley Matthews,2009,16,15,11.27,15.99
911,Ervin Johnson,1993,16,13,11.25,16.28
727,Eric Snow,1995,16,13,11.24,15.67
2248,Earl Watson,2001,16,13,11.24,15.05
77516,Tim McCormick,1984,16,8,11.2,14.69
1908,Jumaine Jones,1999,16,8,11.17,13.94
76082,John Bagley,1982,16,12,11.16,16.0
1000,Shandon Anderson,1996,16,10,11.15,16.01
198,Danny Ferry,1990,16,13,11.02,14.51
78015,Lorenzo Romar,1980,16,5,10.97,14.27
101236,Chuck Hayes,2005,16,11,10.96,17.58
175,Alton Lister,1981,16,17,10.9,16.42
202349,Greivis Vasquez,2010,16,7,10.9,15.56
694,Sam Mack,1992,16,10,10.89,15.25
200081,Jamario Moon,2007,16,5,10.89,14.86
81,Jeff Grayer,1988,16,10,10.76,13.74
190,Duane Causwell,1990,16,11,10.75,14.85
902,Bimbo Coles,1990,16,14,10.7,14.75
1559,Adrian Griffin,1999,16,9,10.61,14.29
38,Brad Lohaus,1987,16,11,10.56,14.96
95,Mark Bryant,1988,16,15,10.06,14.06
2617,Udonis Haslem,2003,16,20,9.96,15.35
475,Doug Smith,1991,16,5,9.94,13.0
384,Calbert Cheaney,1993,16,13,9.92,14.03
28,Doug West,1989,16,12,9.91,14.43
201229,Anthony Tolliver,2008,16,13,9.9,14.7
170,Joe Kleine,1985,16,15,9.68,13.63
77558,Mark McNamara,1982,16,9,9.37,13.36
969,Travis Knight,1996,16,7,9.36,14.32
2679,Matt Carroll,2003,16,10,9.18,14.96
380,Tony Smith,1990,16,11,9.12,15.16
1034,LeRon Ellis,1991,16,5,8.65,14.0
940,Earl Cureton,1980,16,17,7.36,14.32
88,Steve Scheffler,1990,17,7,13.58,17.9
2041,Etan Thomas,2001,17,10,13.4,16.51
2588,Matt Bonner,2004,17,12,13.36,16.14
192,Dennis Scott,1990,17,10,13.11,16.96
262,Michael Cage,1984,17,16,13.05,17.35
251,Sean Elliott,1989,17,12,13.04,16.68
77377,Cliff Levingston,1982,17,13,12.9,15.15
77263,Albert King,1981,17,11,12.89,17.41
2566,Travis Outlaw,2003,17,11,12.86,15.67
2555,Nick Collison,2004,17,14,12.85,15.56
201564,O.J. Mayo,2008,17,8,12.62,14.35
248,George Lynch,1993,17,12,12.57,17.35
201166,Aaron Brooks,2007,17,11,12.52,16.27
1134,Ike Austin,1991,17,11,12.48,16.0
78059,Mike Sanders,1982,17,11,12.43,16.65
897,Tim Perry,1988,17,8,12.41,15.0
76085,James Bailey,1979,17,9,12.41,15.96
228,Adam Keefe,1992,17,9,12.39,15.39
140,Donald Royal,1989,17,9,12.31,14.64
2203,Shane Battier,2001,17,13,12.31,15.71
2349,Victor Alexander,1991,17,11,12.22,14.61
101132,Linas Kleiza,2005,17,8,12.21,15.71
432,Pete Chilcutt,1991,17,9,12.02,14.44
77146,Frank Johnson,1981,17,13,11.97,14.68
2209,Vladimir Radmanovic,2001,17,12,11.79,15.03
1500,Ron Mercer,1997,17,8,11.78,14.79
692,Andrew DeClercq,1995,17,10,11.73,15.12
677,Eric Williams,1995,17,12,11.67,16.62
143,Terry Dehere,1993,17,6,11.66,16.47
101143,Travis Diener,2005,17,5,11.6,14.37
201189,Aaron Gray,2007,17,7,11.53,16.64
2556,Marcus Banks,2003,17,8,11.51,15.41
2198,Kwame Brown,2001,17,12,11.48,15.82
399,Sean Rooks,1992,17,12,11.37,14.67
201967,Dante Cunningham,2009,17,10,11.35,14.7
2554,Mickael Pietrus,2003,17,10,11.28,14.55
76231,Dudley Bradley,1979,17,10,11.25,13.62
457,Andrew Lang,1988,17,12,11.21,14.37
685,Cherokee Parks,1995,17,9,11.03,14.22
76518,Charlie Davis,1981,17,9,10.98,13.92
77719,Kurt Nimphius,1981,17,9,10.96,12.66
76631,Mark Eaton,1982,17,11,10.95,14.01
78440,Kenny Walker,1986,17,9,10.93,12.92
76,Cedric Ceballos,1990,18,11,18.77,22.54
1460,James Worthy,1982,18,12,17.59,20.75
1802,Brad Miller,1998,18,14,17.56,21.78
201168,Tiago Splitter,2010,18,7,17.47,20.84
201171,Carl Landry,2007,18,9,17.47,23.05
77236,Clark Kellogg,1982,18,5,17.35,20.28
201951,Ty Lawson,2009,18,8,17.21,20.19
101162,Marcin Gortat,2007,18,12,17.11,21.61
201141,Greg Oden,2008,18,6,17.03,21.97
1889,Andre Miller,1999,18,17,16.98,21.94
201576,Anthony Randolph,2008,18,6,16.9,20.11
129,Dino Radja,1993,18,4,16.87,18.48
1928,Todd MacCulloch,1999,18,4,16.86,18.23
201578,Marreese Speights,2008,18,10,16.74,21.05
2731,Emeka Okafor,2004,18,14,16.67,20.39
76158,Walter Berry,1986,18,3,16.67,19.86
77384,Reggie Lewis,1987,18,6,16.64,17.66
1883,Steve Francis,1999,18,9,16.6,20.99
1677,Harold Ellis,1993,18,5,16.58,18.16
1496,Keith Van Horn,1997,18,9,16.46,19.67
77845,Drazen Petrovic,1989,18,4,16.33,16.85
78555,Kenny Williams,1990,18,4,16.25,17.73
363,Christian Laettner,1992,18,13,16.21,18.1
101161,Amir Johnson,2005,18,14,16.2,20.05
202391,Jeremy Lin,2010,18,9,16.12,20.18
202379,Jeremy Evans,2010,18,8,16.1,19.78
78369,Kelly Tripucka,1981,18,10,16.08,20.13
785,Eric Murdock,1991,18,9,16.07,20.26
30,Richard Dumas,1992,18,4,16.01,19.05
913,Larry Johnson,1991,18,10,15.94,20.05
200783,Craig Smith,2006,18,6,15.91,17.18
2449,Luis Scola,2007,18,10,15.88,19.12
200750,Brandon Roy,2006,18,7,15.84,22.63
77986,Cliff T. Robinson,1979,18,13,15.75,18.51
1887,Wally Szczerbiak,1999,18,10,15.71,17.78
100263,Bill Laimbeer,1980,18,14,15.7,19.63
1444,Lawrence Funderburke,1997,18,8,15.67,19.82
77184,Edgar Jones,1980,18,6,15.58,18.14
1766,Maceo Baston,2002,18,7,15.55,17.57
954,Kerry Kittles,1996,18,9,15.47,18.65
201579,Roy Hibbert,2008,18,9,15.44,18.91
166,Ron Harper,1986,18,15,15.4,20.28
1711,Raef LaFrentz,1998,18,10,15.39,19.08
718,Gary Trent,1995,18,9,15.38,20.18
966,Jerome Williams,1996,18,9,15.36,18.23
201943,Brandon Jennings,2009,18,9,15.34,19.37
1008,Johnny Dawkins,1986,18,9,15.24,21.96
77395,Lewis Lloyd,1981,18,9,15.23,18.04
201196,Ramon Sessions,2007,18,11,15.23,19.25
101111,Charlie Villanueva,2005,18,11,15.22,19.04
433,Buck Williams,1981,18,17,15.16,18.88
201977,Marcus Thornton,2009,18,8,15.04,17.56
76123,Kenny Battle,1989,18,4,15.02,20.11
76093,Gene Banks,1981,18,6,15.01,16.86
293,Charles Smith,1988,18,9,14.97,19.63
78257,Steve Stipanovich,1983,18,5,14.94,16.06
1569,Keith Closs,1997,18,3,14.92,16.98
78102,Carey Scurry,1985,18,3,14.84,18.97
77911,Kelvin Ransey,1980,18,6,14.71,16.27
181,Kenny Smith,1987,18,10,14.68,18.16
1714,Robert Traylor,1998,18,7,14.67,16.63
2552,Michael Sweetney,2003,18,4,14.66,16.89
77134,Steve Johnson,1981,18,10,14.55,18.56
201946,Tyler Hansbrough,2009,18,7,14.38,16.57
78418,Jay Vincent,1981,18,9,14.35,18.63
932,Oliver Miller,1992,18,12,14.34,18.73
1507,Derek Anderson,1997,18,11,14.33,16.76
200767,Josh Boone,2006,18,4,14.18,15.1
201971,DeJuan Blair,2009,18,7,14.13,17.89
182,Billy Owens,1991,18,10,14.05,17.17
1501,Tim Thomas,1997,18,13,14.04,16.4
1917,Wang Zhi-zhi,2000,18,5,13.97,16.37
78386,Mel Turpin,1984,18,6,13.97,16.34
77946,Jerry Reynolds,1985,18,11,13.96,17.78
78197,Michael Smith,1989,18,6,13.92,14.68
202389,Timofey Mozgov,2010,18,8,13.89,17.52
103,Todd Day,1992,18,9,13.86,16.28
78395,Darnell Valentine,1981,18,10,13.69,16.92
201574,Jason Thompson,2008,18,8,13.67,16.71
76435,Darwin Cook,1980,18,9,13.63,15.53
202399,Jeff Adrien,2010,18,5,13.54,17.19
78610,Al Wood,1981,18,6,13.46,14.92
289,Ledell Eackles,1988,18,10,13.45,15.46
201164,Rudy Fernandez,2008,18,4,13.43,14.58
78379,Henry Turner,1989,18,6,13.27,14.12
77387,Todd Lichti,1989,18,5,13.24,15.3
201973,Jonas Jerebko,2009,18,10,13.15,15.42
1442,Zeljko Rebraca,2001,18,5,12.94,16.15
76483,Pat Cummings,1979,18,12,12.87,15.77
200749,Shelden Williams,2006,18,6,12.77,14.26
78512,Rory White,1982,18,5,12.72,14.85
76019,Mark Alarie,1986,18,5,12.7,14.42
1901,Dion Glover,1999,18,6,12.63,13.75
898,Blue Edwards,1989,18,10,12.46,16.54
1542,Predrag Drobnjak,2001,18,4,12.44,12.57
2212,Steven Hunter,2001,18,9,12.32,15.41
201154,Al Thornton,2007,18,4,12.27,12.79
201965,Jeff Ayres,2009,18,7,12.22,14.57
78279,Jon Sundvold,1983,18,9,12.18,14.67
201962,Toney Douglas,2009,18,8,12.07,15.65
77130,Buck Johnson,1986,18,7,12.03,13.94
76752,Anthony Frederick,1988,18,4,12.0,13.84
101194,Anthony Roberson,2005,18,4,11.88,12.37
76412,Ben Coleman,1986,18,8,11.87,13.7
200760,Rodney Carney,2006,18,5,11.7,12.5
128,David Benoit,1991,18,10,11.62,14.21
194,Anthony Bowie,1988,18,10,11.62,14.76
41,Anthony Bonner,1990,18,6,11.56,12.94
77415,Sidney Lowe,1983,18,7,11.16,13.75
