rep,k,members,pac,silhouette_consensus,mean_within_coassoc,min_size,max_size,median_stability,frac_stable,selected
ae64_latent_seed0only,2,50,0.10534234221986577,0.958254773906103,0.9678804977436812,612,874,0.9816108219524219,0.9973082099596231,False
ae64_latent_seed0only,3,50,0.1403727721358946,0.9066672144959332,0.927512629138068,461,516,0.9576331421360886,0.9912516823687753,False
ae64_latent_seed0only,4,50,0.10812567124814769,0.9139790843628293,0.9318282624299593,293,481,0.9655259946092566,0.9885598923283984,True
ae64_latent_seed0only,5,50,0.2177023714035827,0.7241237456297702,0.7979575515557719,275,321,0.857265301787359,0.9353970390309556,False
ae64_latent_seed0only,6,50,0.27304901867485987,0.6035631619376068,0.7064452511987812,156,302,0.7045732267380868,0.8889636608344549,False
ae64_latent_seed0only,7,50,0.2734722732030942,0.5147623864592001,0.6460277182785289,164,258,0.654685658423221,0.8109017496635262,False
ae64_latent_seed0only,8,50,0.2619555809327007,0.4801542473760458,0.6478499405197804,96,327,0.571951467398103,0.7126514131897712,False
ae64_latent_seed0only,9,50,0.23406156676681575,0.50670856739773,0.6815287921425032,106,370,0.6724181344179777,0.7301480484522207,False
ae64_latent_seed0only,10,50,0.2113109561292603,0.5400938038582284,0.6638080145829953,105,232,0.687129464564077,0.8283983849259757,False
ae64_latent_seed0only,11,50,0.1910835587820783,0.5518819509384655,0.6779075222595976,80,230,0.6992714265374085,0.8122476446837147,False
ae64_latent_seed0only,12,50,0.1780233922898795,0.5282229395979783,0.6491679878339248,4,272,0.6584970615347905,0.7664872139973082,False
