rep,k,logW,gap_uniform,sd_uniform,gap_normal,sd_normal
summary,1,9.60642831827175,1.425738136824691,0.011410651896525044,-0.0021189178667810893,0.019640393121931922
summary,2,9.228126885019394,1.4773071425124318,0.008912008414251252,0.00746579741808695,0.017119660333246585
summary,3,9.056172423820115,1.493039082264998,0.011823295585476231,0.04548108647200522,0.013537623974938512
summary,4,8.933695431589511,1.4787426474107477,0.0095101999583846,0.04927887490082128,0.010320821510328872
summary,5,8.844045729417497,1.483118157214367,0.007800725535962405,0.06403652994000453,0.01705138547607352
summary,6,8.770408465166607,1.4722589648823927,0.007805169534634001,0.06712101358357891,0.012043813502046355
summary,7,8.692825681816377,1.4891750241967348,0.008256871273504983,0.09959746564694782,0.01708649502403638
summary,8,8.636921843748413,1.4917252444690323,0.0075989530573548495,0.10762810897225883,0.01607773640676799
summary,9,8.588107100162144,1.4936678644466888,0.005928063206843911,0.1222197560826288,0.016365978269509755
summary,10,8.53168404479005,1.51483331793788,0.009855389518494448,0.14247724848668142,0.016621415519144023
summary,11,8.486232106949325,1.5305156976145433,0.007655817687077779,0.15437748084684166,0.019850595883644545
summary,12,8.447849749194505,1.538458273164844,0.009437841915372034,0.1632602820674922,0.014651956735195697
raw,1,9.701738498076075,1.5690199627270704,0.020503550733189452,-0.002510387826484717,0.022162037538213136
raw,2,9.179067751626874,1.435066273302576,0.010301747351387685,-0.05649659249977468,0.027121093705029613
raw,3,8.92942116435435,1.4986217474199162,0.007480958343925261,-0.038681435124276575,0.026550817238071657
raw,4,8.802275221935167,1.5457211033620553,0.0060338852280739435,-0.02789681312079928,0.017044121370810166
raw,5,8.69655646251866,1.5745390554963663,0.006426545237760073,-0.022080923967765287,0.017104772621273415
raw,6,8.622384545092576,1.586060033839857,0.00644772208289352,-0.012037950286265087,0.02004698864746721
raw,7,8.561571373953127,1.5932009719379732,0.006377746903834849,-0.01051494204172343,0.017701423023784857
raw,8,8.51517250063811,1.59730335788708,0.007523655079023261,-0.0017875990606306402,0.013282034734806686
raw,9,8.466145757964679,1.6159289747070442,0.006989014156176102,-0.0015470148992218213,0.01414780345930368
raw,10,8.423876603003345,1.635989287202296,0.006355626391328325,0.007998067492566818,0.018485959927730018
raw,11,8.390499976586064,1.6405782753316593,0.006035188764824186,0.010782330085600478,0.020577335310494636
raw,12,8.365136821473042,1.6448071163734461,0.008896366161351194,0.010098929306712634,0.014598535271248717
ae64_s0,1,11.462726144343538,1.3094965414067392,0.006271112919372438,-0.003611661002452138,0.011736531886885566
ae64_s0,2,11.341462984411095,1.3266651828567486,0.004891413396066677,0.001457351485598224,0.01068370098854153
ae64_s0,3,11.26464067261492,1.3572795757756637,0.003932147831977493,0.011586363266326671,0.01307214566612812
ae64_s0,4,11.201465637360036,1.3820263305361689,0.005495290366632814,0.02713887524383729,0.009495587760960541
ae64_s0,5,11.156127745637763,1.3978937054870553,0.006808533615491241,0.03844444048824158,0.00882834278594432
ae64_s0,6,11.11805632547156,1.4135034561788995,0.007942494080788998,0.04428582866074038,0.008596070860404868
ae64_s0,7,11.08329747064112,1.420581590793354,0.004463012897437779,0.052856660939971434,0.008702548612665121
ae64_s0,8,11.05368829385122,1.4310793953490304,0.007327616835935108,0.06082239277220758,0.009825081693307723
ae64_s0,9,11.019533959095853,1.4482231984732472,0.005865578033357682,0.07612690122559229,0.009423152183300592
ae64_s0,10,10.992274582607333,1.4625120640543088,0.007099178150001317,0.08501861431872726,0.009730406301122745
ae64_s0,11,10.965176284440735,1.472409525125924,0.006996354471586824,0.09690115662089305,0.010817704742005753
ae64_s0,12,10.940661301820965,1.484134001739287,0.005577019843478719,0.10674133005176678,0.011124637873287522
