label,n,k,ari_sel,ari_k8,tag
Single AE seed,1486,4,0.2833072708921274,0.6062946082303444,ae64_latent_seed0only
Unstandardised latent,1486,12,0.457337163564546,0.5332668527786067,ae64_latent_nostd
UMAP before $k$-means,1486,12,0.37899480188483825,0.24631207733398244,ae64_umap5
UMAP + HDBSCAN,1486,3,0.13613531892931396,0.13420791996943357,ae64_umap5_hdbscan
AE $d$=8,1486,12,0.35773936400179956,0.28413982135873167,ae8_latent
AE $d$=16,1486,12,0.383888570216178,0.36008987565646217,ae16_latent
AE $d$=32,1486,12,0.3628479478560618,0.2934102493519805,ae32_latent
AE $d$=128,1486,12,0.5316483210390489,0.4444451684239364,ae128_latent
No minutes threshold,1486,3,0.21070194702556974,0.1982802090503094,ae64_latent_original2025
250-minute threshold,1357,12,0.16425876515069493,0.31059249912255055,ae64_latent_mp250
$\ge$3 seasons,1282,3,0.4624669627890696,0.3498993870137417,ae64_latent_min3seasons
No games rule,1486,12,0.1714062165287662,0.4250146316576797,ae64_latent_nogames
Debut $\le$2005--06,1247,3,0.3614913157072287,0.33006985595445676,ae64_latent_debut1980_2005
Gaps deleted,1486,12,0.1672344323259245,0.49836302317965686,ae64_latent_consecutive
BPM instead of PER,1486,3,0.26411589619829934,0.28020154369419015,ae64_latent_primary_bpm
