ae_seed,config,method,k_min,k_median,k_max,noise_mean,largest_cluster_share,ari_mean,ari_min,ari_max
0,"(10, 10, 0.0, 20, 10)",eom,15,18.5,21,0.22637954239569313,0.17072678331090174,0.5261520198005984,0.32461614586855636,0.8635447181178522
0,"(10, 10, 0.0, 20, 10)",leaf,22,24.0,26,0.32617765814266486,0.055787348586810226,0.6451962057702613,0.5822671972027553,0.7172894504363916
0,"(2, 10, 0.0, 20, 5)",eom,20,23.5,29,0.1921265141318977,0.09670255720053836,0.3701868380850101,0.3022381473763865,0.5285648457108753
0,"(2, 10, 0.0, 20, 5)",leaf,26,27.5,31,0.23600269179004035,0.06702557200538359,0.32252791085246013,0.2274371110127796,0.4179068648082081
0,"(5, 20, 0.0, 22, 7)",eom,13,20.5,23,0.2540376850605653,0.12368775235531629,0.5434469389337802,0.26593044126605625,0.7253030660710121
0,"(5, 20, 0.0, 22, 7)",leaf,20,23.0,25,0.3149394347240916,0.0635935397039031,0.6375677862035457,0.544957037622482,0.7400958150725554
0,"(5, 15, 0.0, 30, 10)",eom,2,10.0,13,0.09865410497981157,0.4923283983849259,0.3133594864967234,0.020226222509203508,0.9903806917142894
0,"(5, 15, 0.0, 30, 10)",leaf,15,16.0,17,0.3113728129205922,0.09737550471063258,0.6179779602067876,0.49264003983367405,0.7382578480715998
1,"(10, 10, 0.0, 20, 10)",eom,8,10.0,21,0.0753028263795424,0.5582772543741588,0.7008327383114231,0.1620508746527369,0.9685500371267548
1,"(10, 10, 0.0, 20, 10)",leaf,22,24.0,26,0.389300134589502,0.06218034993270525,0.5757047215742577,0.48724088086648165,0.6976845989079888
1,"(2, 10, 0.0, 20, 5)",eom,11,22.0,29,0.14145356662180347,0.27388963660834453,0.3397948754527579,0.10493452262708675,0.7384997377067226
1,"(2, 10, 0.0, 20, 5)",leaf,24,29.0,33,0.26554508748317635,0.053633916554508755,0.27046152936261303,0.17648321512260173,0.37333432197322053
1,"(5, 20, 0.0, 22, 7)",eom,10,18.0,20,0.2382234185733513,0.24306864064602962,0.4104360052909351,0.1414665715401345,0.8277188223647148
1,"(5, 20, 0.0, 22, 7)",leaf,18,21.0,22,0.38909825033647377,0.07288021534320321,0.5122605560164833,0.4171011709649419,0.6253911031658257
1,"(5, 15, 0.0, 30, 10)",eom,4,8.0,12,0.1291386271870794,0.5245625841184387,0.6436646123579781,0.152770400697117,0.8810527447009987
1,"(5, 15, 0.0, 30, 10)",leaf,12,14.0,16,0.3958950201884254,0.09979811574697174,0.5573425220152006,0.3894786526790757,0.7438995327762749
2,"(10, 10, 0.0, 20, 10)",eom,6,11.5,20,0.16924629878869446,0.442664872139973,0.41097354345075987,0.13256163822919015,0.9794729645736037
2,"(10, 10, 0.0, 20, 10)",leaf,16,20.5,23,0.38532974427994615,0.06372812920592194,0.5610036450682602,0.4595695840159416,0.6927260392781862
2,"(2, 10, 0.0, 20, 5)",eom,19,25.5,27,0.22476446837146705,0.09172274562584118,0.2984195577007035,0.20725510873470127,0.39036717273662014
2,"(2, 10, 0.0, 20, 5)",leaf,26,28.0,30,0.2609017496635263,0.05868102288021534,0.2913815335454084,0.18252656974915993,0.4184630393574143
2,"(5, 20, 0.0, 22, 7)",eom,14,18.0,20,0.33714670255720053,0.09407806191117093,0.6002554049081379,0.41269422901397995,0.6842456495819678
2,"(5, 20, 0.0, 22, 7)",leaf,18,19.0,20,0.3633916554508748,0.06063257065948856,0.6407313153943686,0.5506905969371746,0.7325156480899225
2,"(5, 15, 0.0, 30, 10)",eom,4,12.0,16,0.21251682368775232,0.386742934051144,0.3915837328232815,0.10445109161081931,0.977543480722559
2,"(5, 15, 0.0, 30, 10)",leaf,15,16.0,17,0.4135262449528937,0.0667563930013459,0.6253938339806487,0.5407562288665688,0.7127183978538724
